article_id,title,article_text,topic,subtopic,routing_label,publication_type,article_length,difficulty,source_type,primary_topic_rule,word_count
V4-0184,What Recent Returns Management Announcements Really Signal,"Recent announcements around returns management reveal a market that is expanding but not yet standardized.

Workforce constraints are another concern. Companies need technical specialists as well as operational employees who understand how the new capability affects day-to-day decisions.

Executives are also paying attention to supplier concentration and contract flexibility. A technically successful deployment may still create long-term risk when switching costs are high or critical components come from a narrow group of vendors.

Several organizations have adopted a pilot-first approach. They are limiting the initial scope, documenting operating assumptions, and expanding only after teams demonstrate that the new process can be supported at scale.

Analysts said the program's credibility will depend on transparent reporting and consistent performance after the initial launch period.",retail_ecommerce,returns management,other,market_commentary,medium,easy,synthetic_v4,label reflects the article's primary subject,122
V4-0126,Inside the Architecture of Camera Systems,"Camera Systems combines several technical and operational components that are often discussed as a single capability.

The economics remain closely watched. Upfront investment can be significant, while benefits often emerge through a combination of lower operating expense, better capacity use, and improved customer experience.

Several organizations have adopted a pilot-first approach. They are limiting the initial scope, documenting operating assumptions, and expanding only after teams demonstrate that the new process can be supported at scale.

Although telecommunications appears in the implementation plan, the business decision being examined is primarily about consumer electronics.

For now, the initiative illustrates how organizations are linking technology decisions to concrete operating targets rather than treating modernization as an end in itself.",consumer_electronics,camera systems,other,technology_explainer,short,medium,synthetic_v4,label reflects the article's primary subject,116
V4-0042,Operators Rethink the Economics of Ai Infrastructure,"A growing number of operators are reconsidering how they approach AI infrastructure, particularly as recovery time becomes a board-level concern.

Regulatory requirements and data-governance expectations are influencing project design. Teams are building auditability and reporting into the program rather than treating compliance as a final review step.

""Customers notice reliability and service quality long before they notice the underlying technology,"" said Maya Chen, a fictional market analyst.

The initiative includes phased deployment, new vendor contracts, staff training, and a revised measurement framework. Leaders said they will review recovery time monthly and adjust spending when early results differ from the original forecast.

The economics remain closely watched. Upfront investment can be significant, while benefits often emerge through a combination of lower operating expense, better capacity use, and improved customer experience.

The project also uses enterprise software, but that technology serves as supporting infrastructure rather than the article's main subject.

Teams involved in the program discussed cloud platforms, security controls, data integration, and network connectivity in the same planning sessions. Those references could make the article appear cross-sector at a glance, but the spending decision, success metrics, and operational ownership all belong to cloud computing.

Analysts said the program's credibility will depend on transparent reporting and consistent performance after the initial launch period.",cloud_computing,AI infrastructure,target,trade_publication,medium,hard,synthetic_v4,label reflects the article's primary subject,211
V4-0117,Operators Rethink the Economics of Camera Systems,"The market for camera systems is moving from experimentation toward routine deployment, although implementation practices remain uneven.

The initiative includes phased deployment, new vendor contracts, staff training, and a revised measurement framework. Leaders said they will review device weight monthly and adjust spending when early results differ from the original forecast.

""The pilot gave us enough evidence to proceed, but it also showed where the original assumptions were too optimistic,"" said Nora Ibrahim, a fictional program leader.

Several organizations have adopted a pilot-first approach. They are limiting the initial scope, documenting operating assumptions, and expanding only after teams demonstrate that the new process can be supported at scale.

Regulatory requirements and data-governance expectations are influencing project design. Teams are building auditability and reporting into the program rather than treating compliance as a final review step.

The economics remain closely watched. Upfront investment can be significant, while benefits often emerge through a combination of lower operating expense, better capacity use, and improved customer experience.

Workforce constraints are another concern. Companies need technical specialists as well as operational employees who understand how the new capability affects day-to-day decisions.

Stakeholders will compare results across regions and customer groups. The evaluation will consider device weight, implementation speed, service consistency, and whether the program can operate without continued executive intervention.

The next phase will test whether the organization can preserve the early gains as deployment expands across more locations and business units.",consumer_electronics,camera systems,other,trade_publication,long,easy,synthetic_v4,label reflects the article's primary subject,237
V4-0100,The Market Debate Around Low-Code Applications Has Changed,"The debate over low-code applications has shifted from whether organizations should invest to how quickly they can produce measurable results.

Several organizations have adopted a pilot-first approach. They are limiting the initial scope, documenting operating assumptions, and expanding only after teams demonstrate that the new process can be supported at scale.

The initiative includes phased deployment, new vendor contracts, staff training, and a revised measurement framework. Leaders said they will review forecast accuracy monthly and adjust spending when early results differ from the original forecast.

Executives are also paying attention to supplier concentration and contract flexibility. A technically successful deployment may still create long-term risk when switching costs are high or critical components come from a narrow group of vendors.

The economics remain closely watched. Upfront investment can be significant, while benefits often emerge through a combination of lower operating expense, better capacity use, and improved customer experience.

Regulatory requirements and data-governance expectations are influencing project design. Teams are building auditability and reporting into the program rather than treating compliance as a final review step.

Stakeholders will compare results across regions and customer groups. The evaluation will consider forecast accuracy, implementation speed, service consistency, and whether the program can operate without continued executive intervention.

For now, the initiative illustrates how organizations are linking technology decisions to concrete operating targets rather than treating modernization as an end in itself.",enterprise_software,low-code applications,other,market_commentary,long,easy,synthetic_v4,label reflects the article's primary subject,228
V4-0051,Kubernetes Adoption Enters a More Practical Phase,"A growing number of operators are reconsidering how they approach Kubernetes, particularly as service reliability becomes a board-level concern.

Executives are also paying attention to supplier concentration and contract flexibility. A technically successful deployment may still create long-term risk when switching costs are high or critical components come from a narrow group of vendors.

""We are measuring success in operational terms, not by the number of systems installed,"" said Hannah Weiss, a fictional executive at Northstar Compute.

The initiative includes phased deployment, new vendor contracts, staff training, and a revised measurement framework. Leaders said they will review service reliability monthly and adjust spending when early results differ from the original forecast.

Workforce constraints are another concern. Companies need technical specialists as well as operational employees who understand how the new capability affects day-to-day decisions.

Regulatory requirements and data-governance expectations are influencing project design. Teams are building auditability and reporting into the program rather than treating compliance as a final review step.

Several organizations have adopted a pilot-first approach. They are limiting the initial scope, documenting operating assumptions, and expanding only after teams demonstrate that the new process can be supported at scale.

Stakeholders will compare results across regions and customer groups. The evaluation will consider service reliability, implementation speed, service consistency, and whether the program can operate without continued executive intervention.

The next phase will test whether the organization can preserve the early gains as deployment expands across more locations and business units.",cloud_computing,Kubernetes,target,trade_publication,long,easy,synthetic_v4,label reflects the article's primary subject,243
V4-0154,The Market Debate Around Credit Risk Has Changed,"The debate over credit risk has shifted from whether organizations should invest to how quickly they can produce measurable results.

The economics remain closely watched. Upfront investment can be significant, while benefits often emerge through a combination of lower operating expense, better capacity use, and improved customer experience.

Several organizations have adopted a pilot-first approach. They are limiting the initial scope, documenting operating assumptions, and expanding only after teams demonstrate that the new process can be supported at scale.

Executives are also paying attention to supplier concentration and contract flexibility. A technically successful deployment may still create long-term risk when switching costs are high or critical components come from a narrow group of vendors.

Although cloud computing appears in the implementation plan, the business decision being examined is primarily about financial services.

Teams involved in the program discussed cloud platforms, security controls, data integration, and network connectivity in the same planning sessions. Those references could make the article appear cross-sector at a glance, but the spending decision, success metrics, and operational ownership all belong to financial services.

Analysts said the program's credibility will depend on transparent reporting and consistent performance after the initial launch period.",financial_services,credit risk,other,market_commentary,medium,hard,synthetic_v4,label reflects the article's primary subject,195
V4-0153,Insurance Underwriting Adoption Enters a More Practical Phase,"A growing number of operators are reconsidering how they approach insurance underwriting, particularly as net interest margin becomes a board-level concern.

Executives are also paying attention to supplier concentration and contract flexibility. A technically successful deployment may still create long-term risk when switching costs are high or critical components come from a narrow group of vendors.

""We are measuring success in operational terms, not by the number of systems installed,"" said Luis Ortega, a fictional executive at Beacon Payments.

Several organizations have adopted a pilot-first approach. They are limiting the initial scope, documenting operating assumptions, and expanding only after teams demonstrate that the new process can be supported at scale.

The initiative includes phased deployment, new vendor contracts, staff training, and a revised measurement framework. Leaders said they will review net interest margin monthly and adjust spending when early results differ from the original forecast.

For now, the initiative illustrates how organizations are linking technology decisions to concrete operating targets rather than treating modernization as an end in itself.",financial_services,insurance underwriting,other,trade_publication,medium,easy,synthetic_v4,label reflects the article's primary subject,169
V4-0045,Vertex Cloud Systems Announces Multi-Year Serverless Computing Investment,"Vertex Cloud Systems introduced a new program focused on serverless computing, positioning the effort as part of a broader operational modernization plan.

Workforce constraints are another concern. Companies need technical specialists as well as operational employees who understand how the new capability affects day-to-day decisions.

""Customers notice reliability and service quality long before they notice the underlying technology,"" said Luis Ortega, a fictional market analyst.

Executives are also paying attention to supplier concentration and contract flexibility. A technically successful deployment may still create long-term risk when switching costs are high or critical components come from a narrow group of vendors.

The economics remain closely watched. Upfront investment can be significant, while benefits often emerge through a combination of lower operating expense, better capacity use, and improved customer experience.

Several organizations have adopted a pilot-first approach. They are limiting the initial scope, documenting operating assumptions, and expanding only after teams demonstrate that the new process can be supported at scale.

Regulatory requirements and data-governance expectations are influencing project design. Teams are building auditability and reporting into the program rather than treating compliance as a final review step.

Some teams described links to telecommunications, yet the reported outcomes and investment rationale are centered on cloud computing.

Stakeholders will compare results across regions and customer groups. The evaluation will consider compute utilization, implementation speed, service consistency, and whether the program can operate without continued executive intervention.

Analysts said the program's credibility will depend on transparent reporting and consistent performance after the initial launch period.",cloud_computing,serverless computing,target,company_announcement,long,medium,synthetic_v4,label reflects the article's primary subject,251
V4-0115,Market Outlook for Erp Modernization Remains Constructive,"The outlook for ERP modernization remains favorable, although organizations face trade-offs involving cost, regulation, and workforce readiness.

The initiative includes phased deployment, new vendor contracts, staff training, and a revised measurement framework. Leaders said they will review user adoption monthly and adjust spending when early results differ from the original forecast.

Executives are also paying attention to supplier concentration and contract flexibility. A technically successful deployment may still create long-term risk when switching costs are high or critical components come from a narrow group of vendors.

Workforce constraints are another concern. Companies need technical specialists as well as operational employees who understand how the new capability affects day-to-day decisions.

Analysts said the program's credibility will depend on transparent reporting and consistent performance after the initial launch period.",enterprise_software,ERP modernization,other,industry_analysis,medium,easy,synthetic_v4,label reflects the article's primary subject,127
V4-0134,Arcadia Electronics Announces Multi-Year Battery Design Investment,"Arcadia Electronics announced that it is expanding its work in battery design after internal trials showed measurable gains in screen brightness.

The economics remain closely watched. Upfront investment can be significant, while benefits often emerge through a combination of lower operating expense, better capacity use, and improved customer experience.

""The pilot gave us enough evidence to proceed, but it also showed where the original assumptions were too optimistic,"" said Hannah Weiss, a fictional program leader.

The initiative includes phased deployment, new vendor contracts, staff training, and a revised measurement framework. Leaders said they will review screen brightness monthly and adjust spending when early results differ from the original forecast.

Some teams described links to telecommunications, yet the reported outcomes and investment rationale are centered on consumer electronics.

For now, the initiative illustrates how organizations are linking technology decisions to concrete operating targets rather than treating modernization as an end in itself.",consumer_electronics,battery design,other,company_announcement,short,medium,synthetic_v4,label reflects the article's primary subject,151
V4-0054,Cloud Migration Investment Accelerates in Singapore,"NimbusForge has begun a new cloud migration initiative in Germany after a year of pilot projects and supplier negotiations.

Workforce constraints are another concern. Companies need technical specialists as well as operational employees who understand how the new capability affects day-to-day decisions.

""The pilot gave us enough evidence to proceed, but it also showed where the original assumptions were too optimistic,"" said Marcus Lee, a fictional program leader.

Executives are also paying attention to supplier concentration and contract flexibility. A technically successful deployment may still create long-term risk when switching costs are high or critical components come from a narrow group of vendors.

Regulatory requirements and data-governance expectations are influencing project design. Teams are building auditability and reporting into the program rather than treating compliance as a final review step.

For now, the initiative illustrates how organizations are linking technology decisions to concrete operating targets rather than treating modernization as an end in itself.",cloud_computing,cloud migration,target,wire_service,medium,easy,synthetic_v4,label reflects the article's primary subject,154
V4-0187,Inside the Architecture of Digital Merchandising,"At a practical level, digital merchandising changes how organizations provision capacity, manage reliability, and measure conversion rate.

The initiative includes phased deployment, new vendor contracts, staff training, and a revised measurement framework. Leaders said they will review conversion rate monthly and adjust spending when early results differ from the original forecast.

Workforce constraints are another concern. Companies need technical specialists as well as operational employees who understand how the new capability affects day-to-day decisions.

The next phase will test whether the organization can preserve the early gains as deployment expands across more locations and business units.",retail_ecommerce,digital merchandising,other,technology_explainer,short,easy,synthetic_v4,label reflects the article's primary subject,96
V4-0002,How Satellite Connectivity Works in Practice,"Satellite Connectivity combines several technical and operational components that are often discussed as a single capability.

Several organizations have adopted a pilot-first approach. They are limiting the initial scope, documenting operating assumptions, and expanding only after teams demonstrate that the new process can be supported at scale.

The economics remain closely watched. Upfront investment can be significant, while benefits often emerge through a combination of lower operating expense, better capacity use, and improved customer experience.

The initiative includes phased deployment, new vendor contracts, staff training, and a revised measurement framework. Leaders said they will review network availability monthly and adjust spending when early results differ from the original forecast.

The next phase will test whether the organization can preserve the early gains as deployment expands across more locations and business units.",telecommunications,satellite connectivity,target,technology_explainer,medium,easy,synthetic_v4,label reflects the article's primary subject,131
V4-0088,What Recent Cloud Security Announcements Really Signal,"The debate over cloud security has shifted from whether organizations should invest to how quickly they can produce measurable results.

The economics remain closely watched. Upfront investment can be significant, while benefits often emerge through a combination of lower operating expense, better capacity use, and improved customer experience.

Several organizations have adopted a pilot-first approach. They are limiting the initial scope, documenting operating assumptions, and expanding only after teams demonstrate that the new process can be supported at scale.

Workforce constraints are another concern. Companies need technical specialists as well as operational employees who understand how the new capability affects day-to-day decisions.

Executives are also paying attention to supplier concentration and contract flexibility. A technically successful deployment may still create long-term risk when switching costs are high or critical components come from a narrow group of vendors.

The initiative includes phased deployment, new vendor contracts, staff training, and a revised measurement framework. Leaders said they will review recovery time monthly and adjust spending when early results differ from the original forecast.

The company referenced telecommunications as one dependency among several; the central discussion remains cybersecurity.

Stakeholders will compare results across regions and customer groups. The evaluation will consider recovery time, implementation speed, service consistency, and whether the program can operate without continued executive intervention.

For now, the initiative illustrates how organizations are linking technology decisions to concrete operating targets rather than treating modernization as an end in itself.",cybersecurity,cloud security,other,market_commentary,long,medium,synthetic_v4,label reflects the article's primary subject,238
V4-0145,Capital Markets Investment Accelerates in California,"Summit Mutual has begun a new capital markets initiative in Southeast Asia after a year of pilot projects and supplier negotiations.

The initiative includes phased deployment, new vendor contracts, staff training, and a revised measurement framework. Leaders said they will review delinquency rate monthly and adjust spending when early results differ from the original forecast.

""The difficult part is not approving the technology budget; it is changing operating habits,"" said Caleb Martin, a fictional industry adviser involved in the project.

Executives are also paying attention to supplier concentration and contract flexibility. A technically successful deployment may still create long-term risk when switching costs are high or critical components come from a narrow group of vendors.

Several organizations have adopted a pilot-first approach. They are limiting the initial scope, documenting operating assumptions, and expanding only after teams demonstrate that the new process can be supported at scale.

Some teams described links to cybersecurity, yet the reported outcomes and investment rationale are centered on financial services.

Teams involved in the program discussed cloud platforms, security controls, data integration, and network connectivity in the same planning sessions. Those references could make the article appear cross-sector at a glance, but the spending decision, success metrics, and operational ownership all belong to financial services.

Analysts said the program's credibility will depend on transparent reporting and consistent performance after the initial launch period.",financial_services,capital markets,other,wire_service,medium,hard,synthetic_v4,label reflects the article's primary subject,227
V4-0094,Why Cloud Security Is Moving Beyond Pilot Projects,"A growing number of operators are reconsidering how they approach cloud security, particularly as account compromise becomes a board-level concern.

The initiative includes phased deployment, new vendor contracts, staff training, and a revised measurement framework. Leaders said they will review account compromise monthly and adjust spending when early results differ from the original forecast.

""The difficult part is not approving the technology budget; it is changing operating habits,"" said Hannah Weiss, a fictional industry adviser involved in the project.

Several organizations have adopted a pilot-first approach. They are limiting the initial scope, documenting operating assumptions, and expanding only after teams demonstrate that the new process can be supported at scale.

Workforce constraints are another concern. Companies need technical specialists as well as operational employees who understand how the new capability affects day-to-day decisions.

The economics remain closely watched. Upfront investment can be significant, while benefits often emerge through a combination of lower operating expense, better capacity use, and improved customer experience.

Executives are also paying attention to supplier concentration and contract flexibility. A technically successful deployment may still create long-term risk when switching costs are high or critical components come from a narrow group of vendors.

Stakeholders will compare results across regions and customer groups. The evaluation will consider account compromise, implementation speed, service consistency, and whether the program can operate without continued executive intervention.

The next phase will test whether the organization can preserve the early gains as deployment expands across more locations and business units.",cybersecurity,cloud security,other,trade_publication,long,easy,synthetic_v4,label reflects the article's primary subject,247
V4-0196,Freight Operations Is Reshaping Competitive Priorities,"Customer expectations are reshaping the economics of freight operations, particularly for providers that compete on shipping cost.

Regulatory requirements and data-governance expectations are influencing project design. Teams are building auditability and reporting into the program rather than treating compliance as a final review step.

The economics remain closely watched. Upfront investment can be significant, while benefits often emerge through a combination of lower operating expense, better capacity use, and improved customer experience.

Executives are also paying attention to supplier concentration and contract flexibility. A technically successful deployment may still create long-term risk when switching costs are high or critical components come from a narrow group of vendors.

Although cloud computing appears in the implementation plan, the business decision being examined is primarily about transportation logistics.

Analysts said the program's credibility will depend on transparent reporting and consistent performance after the initial launch period.",transportation_logistics,freight operations,other,market_commentary,medium,medium,synthetic_v4,label reflects the article's primary subject,143
V4-0111,ProcessSpring Launches New Procurement Software Initiative,"ProcessSpring announced that it is expanding its work in procurement software after internal trials showed measurable gains in data quality.

Workforce constraints are another concern. Companies need technical specialists as well as operational employees who understand how the new capability affects day-to-day decisions.

""We are measuring success in operational terms, not by the number of systems installed,"" said Marcus Lee, a fictional executive at ProcessSpring.

Regulatory requirements and data-governance expectations are influencing project design. Teams are building auditability and reporting into the program rather than treating compliance as a final review step.

The company referenced healthcare as one dependency among several; the central discussion remains enterprise software.

Teams involved in the program discussed cloud platforms, security controls, data integration, and network connectivity in the same planning sessions. Those references could make the article appear cross-sector at a glance, but the spending decision, success metrics, and operational ownership all belong to enterprise software.

The next phase will test whether the organization can preserve the early gains as deployment expands across more locations and business units.",enterprise_software,procurement software,other,company_announcement,short,hard,synthetic_v4,label reflects the article's primary subject,174
V4-0167,A Practical Guide to Clinical Trials,"Clinical Trials combines several technical and operational components that are often discussed as a single capability.

Workforce constraints are another concern. Companies need technical specialists as well as operational employees who understand how the new capability affects day-to-day decisions.

Regulatory requirements and data-governance expectations are influencing project design. Teams are building auditability and reporting into the program rather than treating compliance as a final review step.

Several organizations have adopted a pilot-first approach. They are limiting the initial scope, documenting operating assumptions, and expanding only after teams demonstrate that the new process can be supported at scale.

The initiative includes phased deployment, new vendor contracts, staff training, and a revised measurement framework. Leaders said they will review trial enrollment monthly and adjust spending when early results differ from the original forecast.

Executives are also paying attention to supplier concentration and contract flexibility. A technically successful deployment may still create long-term risk when switching costs are high or critical components come from a narrow group of vendors.

Stakeholders will compare results across regions and customer groups. The evaluation will consider trial enrollment, implementation speed, service consistency, and whether the program can operate without continued executive intervention.

The next phase will test whether the organization can preserve the early gains as deployment expands across more locations and business units.",healthcare,clinical trials,other,technology_explainer,long,easy,synthetic_v4,label reflects the article's primary subject,217
V4-0136,Digital Banking Spending Rises as Execution Risks Persist,"Investment in digital banking is rising, but the business case depends heavily on execution discipline and the ability to track transaction volume.

Executives are also paying attention to supplier concentration and contract flexibility. A technically successful deployment may still create long-term risk when switching costs are high or critical components come from a narrow group of vendors.

Workforce constraints are another concern. Companies need technical specialists as well as operational employees who understand how the new capability affects day-to-day decisions.

Several organizations have adopted a pilot-first approach. They are limiting the initial scope, documenting operating assumptions, and expanding only after teams demonstrate that the new process can be supported at scale.

For now, the initiative illustrates how organizations are linking technology decisions to concrete operating targets rather than treating modernization as an end in itself.",financial_services,digital banking,other,industry_analysis,medium,easy,synthetic_v4,label reflects the article's primary subject,135
V4-0175,Coastal Power Partners Extends Renewable Generation Program,"Coastal Power Partners introduced a new program focused on renewable generation, positioning the effort as part of a broader operational modernization plan.

Several organizations have adopted a pilot-first approach. They are limiting the initial scope, documenting operating assumptions, and expanding only after teams demonstrate that the new process can be supported at scale.

""The difficult part is not approving the technology budget; it is changing operating habits,"" said Marcus Lee, a fictional industry adviser involved in the project.

Executives are also paying attention to supplier concentration and contract flexibility. A technically successful deployment may still create long-term risk when switching costs are high or critical components come from a narrow group of vendors.

The initiative includes phased deployment, new vendor contracts, staff training, and a revised measurement framework. Leaders said they will review operating cost monthly and adjust spending when early results differ from the original forecast.

Some teams described links to telecommunications, yet the reported outcomes and investment rationale are centered on energy.

Analysts said the program's credibility will depend on transparent reporting and consistent performance after the initial launch period.",energy,renewable generation,other,company_announcement,medium,medium,synthetic_v4,label reflects the article's primary subject,182
V4-0144,The Market Debate Around Payments Has Changed,"The debate over payments has shifted from whether organizations should invest to how quickly they can produce measurable results.

Several organizations have adopted a pilot-first approach. They are limiting the initial scope, documenting operating assumptions, and expanding only after teams demonstrate that the new process can be supported at scale.

The initiative includes phased deployment, new vendor contracts, staff training, and a revised measurement framework. Leaders said they will review delinquency rate monthly and adjust spending when early results differ from the original forecast.

The project also uses enterprise software, but that technology serves as supporting infrastructure rather than the article's main subject.

The broader market is likely to watch the rollout for evidence that the approach can work outside a controlled pilot environment.",financial_services,payments,other,market_commentary,short,medium,synthetic_v4,label reflects the article's primary subject,124
V4-0176,Operators Rethink the Economics of Energy Efficiency,"Industry specialists say energy efficiency is becoming more important as organizations try to improve peak demand without adding unnecessary complexity.

The initiative includes phased deployment, new vendor contracts, staff training, and a revised measurement framework. Leaders said they will review peak demand monthly and adjust spending when early results differ from the original forecast.

""The pilot gave us enough evidence to proceed, but it also showed where the original assumptions were too optimistic,"" said Priya Raman, a fictional program leader.

Regulatory requirements and data-governance expectations are influencing project design. Teams are building auditability and reporting into the program rather than treating compliance as a final review step.

Workforce constraints are another concern. Companies need technical specialists as well as operational employees who understand how the new capability affects day-to-day decisions.

Executives are also paying attention to supplier concentration and contract flexibility. A technically successful deployment may still create long-term risk when switching costs are high or critical components come from a narrow group of vendors.

The economics remain closely watched. Upfront investment can be significant, while benefits often emerge through a combination of lower operating expense, better capacity use, and improved customer experience.

Although cloud computing appears in the implementation plan, the business decision being examined is primarily about energy.

Teams involved in the program discussed cloud platforms, security controls, data integration, and network connectivity in the same planning sessions. Those references could make the article appear cross-sector at a glance, but the spending decision, success metrics, and operational ownership all belong to energy.

Stakeholders will compare results across regions and customer groups. The evaluation will consider peak demand, implementation speed, service consistency, and whether the program can operate without continued executive intervention.

For now, the initiative illustrates how organizations are linking technology decisions to concrete operating targets rather than treating modernization as an end in itself.",energy,energy efficiency,other,trade_publication,long,hard,synthetic_v4,label reflects the article's primary subject,307
V4-0143,Beacon Payments Expands Insurance Underwriting Program,"Beacon Payments said on Thursday that it will expand its insurance underwriting program in the United Kingdom, citing stronger demand from borrowers.

Workforce constraints are another concern. Companies need technical specialists as well as operational employees who understand how the new capability affects day-to-day decisions.

""We are measuring success in operational terms, not by the number of systems installed,"" said Ethan Cole, a fictional executive at Beacon Payments.

Executives are also paying attention to supplier concentration and contract flexibility. A technically successful deployment may still create long-term risk when switching costs are high or critical components come from a narrow group of vendors.

Regulatory requirements and data-governance expectations are influencing project design. Teams are building auditability and reporting into the program rather than treating compliance as a final review step.

Several organizations have adopted a pilot-first approach. They are limiting the initial scope, documenting operating assumptions, and expanding only after teams demonstrate that the new process can be supported at scale.

The initiative includes phased deployment, new vendor contracts, staff training, and a revised measurement framework. Leaders said they will review loss ratio monthly and adjust spending when early results differ from the original forecast.

Stakeholders will compare results across regions and customer groups. The evaluation will consider loss ratio, implementation speed, service consistency, and whether the program can operate without continued executive intervention.

The broader market is likely to watch the rollout for evidence that the approach can work outside a controlled pilot environment.",financial_services,insurance underwriting,other,wire_service,long,easy,synthetic_v4,label reflects the article's primary subject,245
V4-0065,Serverless Computing Adoption Enters a More Practical Phase,"The market for serverless computing is moving from experimentation toward routine deployment, although implementation practices remain uneven.

Several organizations have adopted a pilot-first approach. They are limiting the initial scope, documenting operating assumptions, and expanding only after teams demonstrate that the new process can be supported at scale.

""The difficult part is not approving the technology budget; it is changing operating habits,"" said Maya Chen, a fictional industry adviser involved in the project.

The economics remain closely watched. Upfront investment can be significant, while benefits often emerge through a combination of lower operating expense, better capacity use, and improved customer experience.

The project also uses cybersecurity, but that technology serves as supporting infrastructure rather than the article's main subject.

For now, the initiative illustrates how organizations are linking technology decisions to concrete operating targets rather than treating modernization as an end in itself.",cloud_computing,serverless computing,target,trade_publication,short,medium,synthetic_v4,label reflects the article's primary subject,143
V4-0191,Operators Rethink the Economics of Rail Capacity,"Industry specialists say rail capacity is becoming more important as organizations try to improve route utilization without adding unnecessary complexity.

Executives are also paying attention to supplier concentration and contract flexibility. A technically successful deployment may still create long-term risk when switching costs are high or critical components come from a narrow group of vendors.

""Customers notice reliability and service quality long before they notice the underlying technology,"" said Priya Raman, a fictional market analyst.

Regulatory requirements and data-governance expectations are influencing project design. Teams are building auditability and reporting into the program rather than treating compliance as a final review step.

The initiative includes phased deployment, new vendor contracts, staff training, and a revised measurement framework. Leaders said they will review route utilization monthly and adjust spending when early results differ from the original forecast.

The company referenced retail and e-commerce as one dependency among several; the central discussion remains transportation logistics.

For now, the initiative illustrates how organizations are linking technology decisions to concrete operating targets rather than treating modernization as an end in itself.",transportation_logistics,rail capacity,other,trade_publication,medium,medium,synthetic_v4,label reflects the article's primary subject,177
V4-0148,The Market Debate Around Consumer Lending Has Changed,"The debate over consumer lending has shifted from whether organizations should invest to how quickly they can produce measurable results.

Regulatory requirements and data-governance expectations are influencing project design. Teams are building auditability and reporting into the program rather than treating compliance as a final review step.

Several organizations have adopted a pilot-first approach. They are limiting the initial scope, documenting operating assumptions, and expanding only after teams demonstrate that the new process can be supported at scale.

The initiative includes phased deployment, new vendor contracts, staff training, and a revised measurement framework. Leaders said they will review loss ratio monthly and adjust spending when early results differ from the original forecast.

The next phase will test whether the organization can preserve the early gains as deployment expands across more locations and business units.",financial_services,consumer lending,other,market_commentary,medium,easy,synthetic_v4,label reflects the article's primary subject,134
V4-0059,StrataGrid Expands Multi-Cloud Operations Program,"Organizations in Northern Europe are increasing investment in multi-cloud operations, with StrataGrid among the latest to announce a broader rollout.

The initiative includes phased deployment, new vendor contracts, staff training, and a revised measurement framework. Leaders said they will review service reliability monthly and adjust spending when early results differ from the original forecast.

""The pilot gave us enough evidence to proceed, but it also showed where the original assumptions were too optimistic,"" said Hannah Weiss, a fictional program leader.

Workforce constraints are another concern. Companies need technical specialists as well as operational employees who understand how the new capability affects day-to-day decisions.

The economics remain closely watched. Upfront investment can be significant, while benefits often emerge through a combination of lower operating expense, better capacity use, and improved customer experience.

The broader market is likely to watch the rollout for evidence that the approach can work outside a controlled pilot environment.",cloud_computing,multi-cloud operations,target,wire_service,medium,easy,synthetic_v4,label reflects the article's primary subject,152
V4-0080,Why Critical Infrastructure Protection Is Moving Beyond Pilot Projects,"Industry specialists say critical infrastructure protection is becoming more important as organizations try to improve false-positive rate without adding unnecessary complexity.

The initiative includes phased deployment, new vendor contracts, staff training, and a revised measurement framework. Leaders said they will review false-positive rate monthly and adjust spending when early results differ from the original forecast.

""We are measuring success in operational terms, not by the number of systems installed,"" said Nora Ibrahim, a fictional executive at BlackPeak Cyber.

Regulatory requirements and data-governance expectations are influencing project design. Teams are building auditability and reporting into the program rather than treating compliance as a final review step.

The economics remain closely watched. Upfront investment can be significant, while benefits often emerge through a combination of lower operating expense, better capacity use, and improved customer experience.

Several organizations have adopted a pilot-first approach. They are limiting the initial scope, documenting operating assumptions, and expanding only after teams demonstrate that the new process can be supported at scale.

Workforce constraints are another concern. Companies need technical specialists as well as operational employees who understand how the new capability affects day-to-day decisions.

The project also uses cloud computing, but that technology serves as supporting infrastructure rather than the article's main subject.

Stakeholders will compare results across regions and customer groups. The evaluation will consider false-positive rate, implementation speed, service consistency, and whether the program can operate without continued executive intervention.

Analysts said the program's credibility will depend on transparent reporting and consistent performance after the initial launch period.",cybersecurity,critical infrastructure protection,other,trade_publication,long,medium,synthetic_v4,label reflects the article's primary subject,253
V4-0022,Inside the Architecture of Private Wireless,"Private Wireless combines several technical and operational components that are often discussed as a single capability.

Executives are also paying attention to supplier concentration and contract flexibility. A technically successful deployment may still create long-term risk when switching costs are high or critical components come from a narrow group of vendors.

The initiative includes phased deployment, new vendor contracts, staff training, and a revised measurement framework. Leaders said they will review latency monthly and adjust spending when early results differ from the original forecast.

The economics remain closely watched. Upfront investment can be significant, while benefits often emerge through a combination of lower operating expense, better capacity use, and improved customer experience.

The next phase will test whether the organization can preserve the early gains as deployment expands across more locations and business units.",telecommunications,private wireless,target,technology_explainer,medium,easy,synthetic_v4,label reflects the article's primary subject,134
V4-0140,The Market Debate Around Digital Banking Has Changed,"The debate over digital banking has shifted from whether organizations should invest to how quickly they can produce measurable results.

The initiative includes phased deployment, new vendor contracts, staff training, and a revised measurement framework. Leaders said they will review customer acquisition monthly and adjust spending when early results differ from the original forecast.

The economics remain closely watched. Upfront investment can be significant, while benefits often emerge through a combination of lower operating expense, better capacity use, and improved customer experience.

Executives are also paying attention to supplier concentration and contract flexibility. A technically successful deployment may still create long-term risk when switching costs are high or critical components come from a narrow group of vendors.

The project also uses cloud computing, but that technology serves as supporting infrastructure rather than the article's main subject.

For now, the initiative illustrates how organizations are linking technology decisions to concrete operating targets rather than treating modernization as an end in itself.",financial_services,digital banking,other,market_commentary,medium,medium,synthetic_v4,label reflects the article's primary subject,160
V4-0135,Smartphones Spending Rises as Execution Risks Persist,"The outlook for smartphones remains favorable, although organizations face trade-offs involving cost, regulation, and workforce readiness.

The initiative includes phased deployment, new vendor contracts, staff training, and a revised measurement framework. Leaders said they will review device weight monthly and adjust spending when early results differ from the original forecast.

Several organizations have adopted a pilot-first approach. They are limiting the initial scope, documenting operating assumptions, and expanding only after teams demonstrate that the new process can be supported at scale.

Executives are also paying attention to supplier concentration and contract flexibility. A technically successful deployment may still create long-term risk when switching costs are high or critical components come from a narrow group of vendors.

Regulatory requirements and data-governance expectations are influencing project design. Teams are building auditability and reporting into the program rather than treating compliance as a final review step.

The economics remain closely watched. Upfront investment can be significant, while benefits often emerge through a combination of lower operating expense, better capacity use, and improved customer experience.

The project also uses telecommunications, but that technology serves as supporting infrastructure rather than the article's main subject.

Stakeholders will compare results across regions and customer groups. The evaluation will consider device weight, implementation speed, service consistency, and whether the program can operate without continued executive intervention.

The broader market is likely to watch the rollout for evidence that the approach can work outside a controlled pilot environment.",consumer_electronics,smartphones,other,industry_analysis,long,medium,synthetic_v4,label reflects the article's primary subject,239
V4-0020,Why Mobile Core Is Moving Beyond Pilot Projects,"The market for mobile core is moving from experimentation toward routine deployment, although implementation practices remain uneven.

Regulatory requirements and data-governance expectations are influencing project design. Teams are building auditability and reporting into the program rather than treating compliance as a final review step.

""Customers notice reliability and service quality long before they notice the underlying technology,"" said Daniel Brooks, a fictional market analyst.

Several organizations have adopted a pilot-first approach. They are limiting the initial scope, documenting operating assumptions, and expanding only after teams demonstrate that the new process can be supported at scale.

The company referenced cybersecurity as one dependency among several; the central discussion remains telecommunications.

Teams involved in the program discussed cloud platforms, security controls, data integration, and network connectivity in the same planning sessions. Those references could make the article appear cross-sector at a glance, but the spending decision, success metrics, and operational ownership all belong to telecommunications.

For now, the initiative illustrates how organizations are linking technology decisions to concrete operating targets rather than treating modernization as an end in itself.",telecommunications,mobile core,target,trade_publication,short,hard,synthetic_v4,label reflects the article's primary subject,177
V4-0006,CedarLink Telecom Plans Broader Satellite Connectivity Rollout,"Organizations in Singapore are increasing investment in satellite connectivity, with CedarLink Telecom among the latest to announce a broader rollout.

Executives are also paying attention to supplier concentration and contract flexibility. A technically successful deployment may still create long-term risk when switching costs are high or critical components come from a narrow group of vendors.

""Customers notice reliability and service quality long before they notice the underlying technology,"" said Sofia Patel, a fictional market analyst.

The economics remain closely watched. Upfront investment can be significant, while benefits often emerge through a combination of lower operating expense, better capacity use, and improved customer experience.

The initiative includes phased deployment, new vendor contracts, staff training, and a revised measurement framework. Leaders said they will review coverage monthly and adjust spending when early results differ from the original forecast.

The project also uses cybersecurity, but that technology serves as supporting infrastructure rather than the article's main subject.

The broader market is likely to watch the rollout for evidence that the approach can work outside a controlled pilot environment.",telecommunications,satellite connectivity,target,wire_service,medium,medium,synthetic_v4,label reflects the article's primary subject,175
V4-0151,Mariner Investments Launches New Payments Initiative,"Mariner Investments unveiled a multi-year investment in payments intended to improve service for merchants.

Workforce constraints are another concern. Companies need technical specialists as well as operational employees who understand how the new capability affects day-to-day decisions.

""The pilot gave us enough evidence to proceed, but it also showed where the original assumptions were too optimistic,"" said Luis Ortega, a fictional program leader.

The initiative includes phased deployment, new vendor contracts, staff training, and a revised measurement framework. Leaders said they will review delinquency rate monthly and adjust spending when early results differ from the original forecast.

The economics remain closely watched. Upfront investment can be significant, while benefits often emerge through a combination of lower operating expense, better capacity use, and improved customer experience.

Some teams described links to cloud computing, yet the reported outcomes and investment rationale are centered on financial services.

Teams involved in the program discussed cloud platforms, security controls, data integration, and network connectivity in the same planning sessions. Those references could make the article appear cross-sector at a glance, but the spending decision, success metrics, and operational ownership all belong to financial services.

For now, the initiative illustrates how organizations are linking technology decisions to concrete operating targets rather than treating modernization as an end in itself.",financial_services,payments,other,company_announcement,medium,hard,synthetic_v4,label reflects the article's primary subject,213
V4-0192,Operators Rethink the Economics of Rail Capacity,"Industry specialists say rail capacity is becoming more important as organizations try to improve fuel consumption without adding unnecessary complexity.

Regulatory requirements and data-governance expectations are influencing project design. Teams are building auditability and reporting into the program rather than treating compliance as a final review step.

""The pilot gave us enough evidence to proceed, but it also showed where the original assumptions were too optimistic,"" said Hannah Weiss, a fictional program leader.

Executives are also paying attention to supplier concentration and contract flexibility. A technically successful deployment may still create long-term risk when switching costs are high or critical components come from a narrow group of vendors.

Several organizations have adopted a pilot-first approach. They are limiting the initial scope, documenting operating assumptions, and expanding only after teams demonstrate that the new process can be supported at scale.

Workforce constraints are another concern. Companies need technical specialists as well as operational employees who understand how the new capability affects day-to-day decisions.

The economics remain closely watched. Upfront investment can be significant, while benefits often emerge through a combination of lower operating expense, better capacity use, and improved customer experience.

Stakeholders will compare results across regions and customer groups. The evaluation will consider fuel consumption, implementation speed, service consistency, and whether the program can operate without continued executive intervention.

Analysts said the program's credibility will depend on transparent reporting and consistent performance after the initial launch period.",transportation_logistics,rail capacity,other,trade_publication,long,easy,synthetic_v4,label reflects the article's primary subject,237
V4-0052,Lakefront Cloud Expands Kubernetes Program,"Lakefront Cloud has begun a new Kubernetes initiative in Australia after a year of pilot projects and supplier negotiations.

The economics remain closely watched. Upfront investment can be significant, while benefits often emerge through a combination of lower operating expense, better capacity use, and improved customer experience.

""The pilot gave us enough evidence to proceed, but it also showed where the original assumptions were too optimistic,"" said Marcus Lee, a fictional program leader.

The initiative includes phased deployment, new vendor contracts, staff training, and a revised measurement framework. Leaders said they will review workload portability monthly and adjust spending when early results differ from the original forecast.

Although enterprise software appears in the implementation plan, the business decision being examined is primarily about cloud computing.

For now, the initiative illustrates how organizations are linking technology decisions to concrete operating targets rather than treating modernization as an end in itself.",cloud_computing,Kubernetes,target,wire_service,short,medium,synthetic_v4,label reflects the article's primary subject,149
V4-0076,ClearShield Extends Threat Intelligence Program,"ClearShield unveiled a multi-year investment in threat intelligence intended to improve service for banks.

The initiative includes phased deployment, new vendor contracts, staff training, and a revised measurement framework. Leaders said they will review patch coverage monthly and adjust spending when early results differ from the original forecast.

""We are measuring success in operational terms, not by the number of systems installed,"" said Priya Raman, a fictional executive at ClearShield.

Workforce constraints are another concern. Companies need technical specialists as well as operational employees who understand how the new capability affects day-to-day decisions.

The company referenced financial services as one dependency among several; the central discussion remains cybersecurity.

The broader market is likely to watch the rollout for evidence that the approach can work outside a controlled pilot environment.",cybersecurity,threat intelligence,other,company_announcement,short,medium,synthetic_v4,label reflects the article's primary subject,129
V4-0055,Northstar Compute Plans Broader Kubernetes Rollout,"Organizations in the Midwest are increasing investment in Kubernetes, with Northstar Compute among the latest to announce a broader rollout.

Workforce constraints are another concern. Companies need technical specialists as well as operational employees who understand how the new capability affects day-to-day decisions.

""The difficult part is not approving the technology budget; it is changing operating habits,"" said Nora Ibrahim, a fictional industry adviser involved in the project.

The economics remain closely watched. Upfront investment can be significant, while benefits often emerge through a combination of lower operating expense, better capacity use, and improved customer experience.

Several organizations have adopted a pilot-first approach. They are limiting the initial scope, documenting operating assumptions, and expanding only after teams demonstrate that the new process can be supported at scale.

The broader market is likely to watch the rollout for evidence that the approach can work outside a controlled pilot environment.",cloud_computing,Kubernetes,target,wire_service,medium,easy,synthetic_v4,label reflects the article's primary subject,148
V4-0005,The Business Case for 5G Spectrum Is Becoming More Nuanced,"The outlook for 5G spectrum remains favorable, although organizations face trade-offs involving cost, regulation, and workforce readiness.

The initiative includes phased deployment, new vendor contracts, staff training, and a revised measurement framework. Leaders said they will review installation speed monthly and adjust spending when early results differ from the original forecast.

Several organizations have adopted a pilot-first approach. They are limiting the initial scope, documenting operating assumptions, and expanding only after teams demonstrate that the new process can be supported at scale.

Workforce constraints are another concern. Companies need technical specialists as well as operational employees who understand how the new capability affects day-to-day decisions.

The project also uses cloud computing, but that technology serves as supporting infrastructure rather than the article's main subject.

The next phase will test whether the organization can preserve the early gains as deployment expands across more locations and business units.",telecommunications,5G spectrum,target,industry_analysis,medium,medium,synthetic_v4,label reflects the article's primary subject,146
V4-0193,BlueCrate Logistics Expands Fleet Optimization Program,"BlueCrate Logistics has begun a new fleet optimization initiative in Southeast Asia after a year of pilot projects and supplier negotiations.

Several organizations have adopted a pilot-first approach. They are limiting the initial scope, documenting operating assumptions, and expanding only after teams demonstrate that the new process can be supported at scale.

""We are measuring success in operational terms, not by the number of systems installed,"" said Luis Ortega, a fictional executive at BlueCrate Logistics.

Executives are also paying attention to supplier concentration and contract flexibility. A technically successful deployment may still create long-term risk when switching costs are high or critical components come from a narrow group of vendors.

Regulatory requirements and data-governance expectations are influencing project design. Teams are building auditability and reporting into the program rather than treating compliance as a final review step.

The economics remain closely watched. Upfront investment can be significant, while benefits often emerge through a combination of lower operating expense, better capacity use, and improved customer experience.

Workforce constraints are another concern. Companies need technical specialists as well as operational employees who understand how the new capability affects day-to-day decisions.

Some teams described links to cloud computing, yet the reported outcomes and investment rationale are centered on transportation logistics.

Teams involved in the program discussed cloud platforms, security controls, data integration, and network connectivity in the same planning sessions. Those references could make the article appear cross-sector at a glance, but the spending decision, success metrics, and operational ownership all belong to transportation logistics.

Stakeholders will compare results across regions and customer groups. The evaluation will consider route utilization, implementation speed, service consistency, and whether the program can operate without continued executive intervention.

The broader market is likely to watch the rollout for evidence that the approach can work outside a controlled pilot environment.",transportation_logistics,fleet optimization,other,wire_service,long,hard,synthetic_v4,label reflects the article's primary subject,302
V4-0027,How Rural Broadband Works in Practice,"Rural Broadband combines several technical and operational components that are often discussed as a single capability.

The initiative includes phased deployment, new vendor contracts, staff training, and a revised measurement framework. Leaders said they will review subscriber growth monthly and adjust spending when early results differ from the original forecast.

The economics remain closely watched. Upfront investment can be significant, while benefits often emerge through a combination of lower operating expense, better capacity use, and improved customer experience.

Regulatory requirements and data-governance expectations are influencing project design. Teams are building auditability and reporting into the program rather than treating compliance as a final review step.

The project also uses cloud computing, but that technology serves as supporting infrastructure rather than the article's main subject.

The broader market is likely to watch the rollout for evidence that the approach can work outside a controlled pilot environment.",telecommunications,rural broadband,target,technology_explainer,medium,medium,synthetic_v4,label reflects the article's primary subject,145
V4-0108,RelayWorks Expands Workflow Automation Program,"RelayWorks said on Friday that it will expand its workflow automation program in Ontario, citing stronger demand from procurement groups.

The economics remain closely watched. Upfront investment can be significant, while benefits often emerge through a combination of lower operating expense, better capacity use, and improved customer experience.

""We are measuring success in operational terms, not by the number of systems installed,"" said Caleb Martin, a fictional executive at RelayWorks.

Workforce constraints are another concern. Companies need technical specialists as well as operational employees who understand how the new capability affects day-to-day decisions.

The company referenced cloud computing as one dependency among several; the central discussion remains enterprise software.

Teams involved in the program discussed cloud platforms, security controls, data integration, and network connectivity in the same planning sessions. Those references could make the article appear cross-sector at a glance, but the spending decision, success metrics, and operational ownership all belong to enterprise software.

For now, the initiative illustrates how organizations are linking technology decisions to concrete operating targets rather than treating modernization as an end in itself.",enterprise_software,workflow automation,other,wire_service,short,hard,synthetic_v4,label reflects the article's primary subject,178
V4-0133,What Recent Display Technology Announcements Really Signal,"Customer expectations are reshaping the economics of display technology, particularly for providers that compete on unit shipments.

The economics remain closely watched. Upfront investment can be significant, while benefits often emerge through a combination of lower operating expense, better capacity use, and improved customer experience.

Workforce constraints are another concern. Companies need technical specialists as well as operational employees who understand how the new capability affects day-to-day decisions.

Several organizations have adopted a pilot-first approach. They are limiting the initial scope, documenting operating assumptions, and expanding only after teams demonstrate that the new process can be supported at scale.

The project also uses cloud services, but that technology serves as supporting infrastructure rather than the article's main subject.

For now, the initiative illustrates how organizations are linking technology decisions to concrete operating targets rather than treating modernization as an end in itself.",consumer_electronics,display technology,other,market_commentary,medium,medium,synthetic_v4,label reflects the article's primary subject,142
V4-0123,BrightCircuit Expands Wearables Program,"BrightCircuit has begun a new wearables initiative in Northern Europe after a year of pilot projects and supplier negotiations.

Executives are also paying attention to supplier concentration and contract flexibility. A technically successful deployment may still create long-term risk when switching costs are high or critical components come from a narrow group of vendors.

""The pilot gave us enough evidence to proceed, but it also showed where the original assumptions were too optimistic,"" said Nora Ibrahim, a fictional program leader.

Several organizations have adopted a pilot-first approach. They are limiting the initial scope, documenting operating assumptions, and expanding only after teams demonstrate that the new process can be supported at scale.

The initiative includes phased deployment, new vendor contracts, staff training, and a revised measurement framework. Leaders said they will review unit shipments monthly and adjust spending when early results differ from the original forecast.

The economics remain closely watched. Upfront investment can be significant, while benefits often emerge through a combination of lower operating expense, better capacity use, and improved customer experience.

Regulatory requirements and data-governance expectations are influencing project design. Teams are building auditability and reporting into the program rather than treating compliance as a final review step.

Some teams described links to retail and e-commerce, yet the reported outcomes and investment rationale are centered on consumer electronics.

Stakeholders will compare results across regions and customer groups. The evaluation will consider unit shipments, implementation speed, service consistency, and whether the program can operate without continued executive intervention.

The broader market is likely to watch the rollout for evidence that the approach can work outside a controlled pilot environment.",consumer_electronics,wearables,other,wire_service,long,medium,synthetic_v4,label reflects the article's primary subject,270
V4-0121,Market Outlook for Gaming Hardware Remains Constructive,"Analysts expect gaming hardware adoption to continue, driven by pressure to improve unit shipments and respond faster to changing demand.

Workforce constraints are another concern. Companies need technical specialists as well as operational employees who understand how the new capability affects day-to-day decisions.

Regulatory requirements and data-governance expectations are influencing project design. Teams are building auditability and reporting into the program rather than treating compliance as a final review step.

Several organizations have adopted a pilot-first approach. They are limiting the initial scope, documenting operating assumptions, and expanding only after teams demonstrate that the new process can be supported at scale.

The project also uses cloud services, but that technology serves as supporting infrastructure rather than the article's main subject.

Analysts said the program's credibility will depend on transparent reporting and consistent performance after the initial launch period.",consumer_electronics,gaming hardware,other,industry_analysis,medium,medium,synthetic_v4,label reflects the article's primary subject,138
V4-0070,NimbusForge Announces Multi-Year Cloud Migration Investment,"NimbusForge introduced a new program focused on cloud migration, positioning the effort as part of a broader operational modernization plan.

Workforce constraints are another concern. Companies need technical specialists as well as operational employees who understand how the new capability affects day-to-day decisions.

""The difficult part is not approving the technology budget; it is changing operating habits,"" said Maya Chen, a fictional industry adviser involved in the project.

Several organizations have adopted a pilot-first approach. They are limiting the initial scope, documenting operating assumptions, and expanding only after teams demonstrate that the new process can be supported at scale.

Regulatory requirements and data-governance expectations are influencing project design. Teams are building auditability and reporting into the program rather than treating compliance as a final review step.

The company referenced telecommunications as one dependency among several; the central discussion remains cloud computing.

For now, the initiative illustrates how organizations are linking technology decisions to concrete operating targets rather than treating modernization as an end in itself.",cloud_computing,cloud migration,target,company_announcement,medium,medium,synthetic_v4,label reflects the article's primary subject,165
V4-0122,Smart Home Devices Is Reshaping Competitive Priorities,"Customer expectations are reshaping the economics of smart home devices, particularly for providers that compete on device weight.

Several organizations have adopted a pilot-first approach. They are limiting the initial scope, documenting operating assumptions, and expanding only after teams demonstrate that the new process can be supported at scale.

Workforce constraints are another concern. Companies need technical specialists as well as operational employees who understand how the new capability affects day-to-day decisions.

The economics remain closely watched. Upfront investment can be significant, while benefits often emerge through a combination of lower operating expense, better capacity use, and improved customer experience.

Executives are also paying attention to supplier concentration and contract flexibility. A technically successful deployment may still create long-term risk when switching costs are high or critical components come from a narrow group of vendors.

The initiative includes phased deployment, new vendor contracts, staff training, and a revised measurement framework. Leaders said they will review device weight monthly and adjust spending when early results differ from the original forecast.

Stakeholders will compare results across regions and customer groups. The evaluation will consider device weight, implementation speed, service consistency, and whether the program can operate without continued executive intervention.

For now, the initiative illustrates how organizations are linking technology decisions to concrete operating targets rather than treating modernization as an end in itself.",consumer_electronics,smart home devices,other,market_commentary,long,easy,synthetic_v4,label reflects the article's primary subject,222
V4-0062,Operators Rethink the Economics of Multi-Cloud Operations,"A growing number of operators are reconsidering how they approach multi-cloud operations, particularly as workload portability becomes a board-level concern.

Executives are also paying attention to supplier concentration and contract flexibility. A technically successful deployment may still create long-term risk when switching costs are high or critical components come from a narrow group of vendors.

""We are measuring success in operational terms, not by the number of systems installed,"" said Luis Ortega, a fictional executive at BlueMesa Platforms.

The economics remain closely watched. Upfront investment can be significant, while benefits often emerge through a combination of lower operating expense, better capacity use, and improved customer experience.

The next phase will test whether the organization can preserve the early gains as deployment expands across more locations and business units.",cloud_computing,multi-cloud operations,target,trade_publication,short,easy,synthetic_v4,label reflects the article's primary subject,128
V4-0179,The Business Case for Electric Vehicle Charging Is Becoming More Nuanced,"The outlook for electric vehicle charging remains favorable, although organizations face trade-offs involving cost, regulation, and workforce readiness.

Executives are also paying attention to supplier concentration and contract flexibility. A technically successful deployment may still create long-term risk when switching costs are high or critical components come from a narrow group of vendors.

The initiative includes phased deployment, new vendor contracts, staff training, and a revised measurement framework. Leaders said they will review peak demand monthly and adjust spending when early results differ from the original forecast.

Some teams described links to cloud computing, yet the reported outcomes and investment rationale are centered on energy.

Analysts said the program's credibility will depend on transparent reporting and consistent performance after the initial launch period.",energy,electric vehicle charging,other,industry_analysis,short,medium,synthetic_v4,label reflects the article's primary subject,123
V4-0180,The Market Debate Around Power Markets Has Changed,"The debate over power markets has shifted from whether organizations should invest to how quickly they can produce measurable results.

Regulatory requirements and data-governance expectations are influencing project design. Teams are building auditability and reporting into the program rather than treating compliance as a final review step.

Executives are also paying attention to supplier concentration and contract flexibility. A technically successful deployment may still create long-term risk when switching costs are high or critical components come from a narrow group of vendors.

For now, the initiative illustrates how organizations are linking technology decisions to concrete operating targets rather than treating modernization as an end in itself.",energy,power markets,other,market_commentary,short,easy,synthetic_v4,label reflects the article's primary subject,106
V4-0040,A Practical Guide to Serverless Computing,"At a practical level, serverless computing changes how organizations provision capacity, manage reliability, and measure compute utilization.

Regulatory requirements and data-governance expectations are influencing project design. Teams are building auditability and reporting into the program rather than treating compliance as a final review step.

The initiative includes phased deployment, new vendor contracts, staff training, and a revised measurement framework. Leaders said they will review compute utilization monthly and adjust spending when early results differ from the original forecast.

The economics remain closely watched. Upfront investment can be significant, while benefits often emerge through a combination of lower operating expense, better capacity use, and improved customer experience.

Several organizations have adopted a pilot-first approach. They are limiting the initial scope, documenting operating assumptions, and expanding only after teams demonstrate that the new process can be supported at scale.

Workforce constraints are another concern. Companies need technical specialists as well as operational employees who understand how the new capability affects day-to-day decisions.

Some teams described links to enterprise software, yet the reported outcomes and investment rationale are centered on cloud computing.

Teams involved in the program discussed cloud platforms, security controls, data integration, and network connectivity in the same planning sessions. Those references could make the article appear cross-sector at a glance, but the spending decision, success metrics, and operational ownership all belong to cloud computing.

Stakeholders will compare results across regions and customer groups. The evaluation will consider compute utilization, implementation speed, service consistency, and whether the program can operate without continued executive intervention.

For now, the initiative illustrates how organizations are linking technology decisions to concrete operating targets rather than treating modernization as an end in itself.",cloud_computing,serverless computing,target,technology_explainer,long,hard,synthetic_v4,label reflects the article's primary subject,277
V4-0019,Operators Rethink the Economics of Satellite Connectivity,"Industry specialists say satellite connectivity is becoming more important as organizations try to improve latency without adding unnecessary complexity.

Regulatory requirements and data-governance expectations are influencing project design. Teams are building auditability and reporting into the program rather than treating compliance as a final review step.

""We are measuring success in operational terms, not by the number of systems installed,"" said Daniel Brooks, a fictional executive at OrbitSpan Mobile.

Workforce constraints are another concern. Companies need technical specialists as well as operational employees who understand how the new capability affects day-to-day decisions.

Some teams described links to cybersecurity, yet the reported outcomes and investment rationale are centered on telecommunications.

For now, the initiative illustrates how organizations are linking technology decisions to concrete operating targets rather than treating modernization as an end in itself.",telecommunications,satellite connectivity,target,trade_publication,short,medium,synthetic_v4,label reflects the article's primary subject,133
V4-0199,Fleet Optimization Investment Accelerates in the United Kingdom,"Continental Railworks said on Monday that it will expand its fleet optimization program in the United Kingdom, citing stronger demand from exporters.

Executives are also paying attention to supplier concentration and contract flexibility. A technically successful deployment may still create long-term risk when switching costs are high or critical components come from a narrow group of vendors.

""The pilot gave us enough evidence to proceed, but it also showed where the original assumptions were too optimistic,"" said Daniel Brooks, a fictional program leader.

The initiative includes phased deployment, new vendor contracts, staff training, and a revised measurement framework. Leaders said they will review warehouse throughput monthly and adjust spending when early results differ from the original forecast.

The economics remain closely watched. Upfront investment can be significant, while benefits often emerge through a combination of lower operating expense, better capacity use, and improved customer experience.

The project also uses energy, but that technology serves as supporting infrastructure rather than the article's main subject.

Analysts said the program's credibility will depend on transparent reporting and consistent performance after the initial launch period.",transportation_logistics,fleet optimization,other,wire_service,medium,medium,synthetic_v4,label reflects the article's primary subject,181
V4-0073,Market Outlook for Cloud Security Remains Constructive,"Investment in cloud security is rising, but the business case depends heavily on execution discipline and the ability to track incident volume.

Several organizations have adopted a pilot-first approach. They are limiting the initial scope, documenting operating assumptions, and expanding only after teams demonstrate that the new process can be supported at scale.

Workforce constraints are another concern. Companies need technical specialists as well as operational employees who understand how the new capability affects day-to-day decisions.

The economics remain closely watched. Upfront investment can be significant, while benefits often emerge through a combination of lower operating expense, better capacity use, and improved customer experience.

Analysts said the program's credibility will depend on transparent reporting and consistent performance after the initial launch period.",cybersecurity,cloud security,other,industry_analysis,medium,easy,synthetic_v4,label reflects the article's primary subject,122
V4-0074,The Business Case for Zero Trust Is Becoming More Nuanced,"The outlook for zero trust remains favorable, although organizations face trade-offs involving cost, regulation, and workforce readiness.

Executives are also paying attention to supplier concentration and contract flexibility. A technically successful deployment may still create long-term risk when switching costs are high or critical components come from a narrow group of vendors.

The economics remain closely watched. Upfront investment can be significant, while benefits often emerge through a combination of lower operating expense, better capacity use, and improved customer experience.

Several organizations have adopted a pilot-first approach. They are limiting the initial scope, documenting operating assumptions, and expanding only after teams demonstrate that the new process can be supported at scale.

The initiative includes phased deployment, new vendor contracts, staff training, and a revised measurement framework. Leaders said they will review patch coverage monthly and adjust spending when early results differ from the original forecast.

Regulatory requirements and data-governance expectations are influencing project design. Teams are building auditability and reporting into the program rather than treating compliance as a final review step.

The company referenced cloud computing as one dependency among several; the central discussion remains cybersecurity.

Stakeholders will compare results across regions and customer groups. The evaluation will consider patch coverage, implementation speed, service consistency, and whether the program can operate without continued executive intervention.

For now, the initiative illustrates how organizations are linking technology decisions to concrete operating targets rather than treating modernization as an end in itself.",cybersecurity,zero trust,other,industry_analysis,long,medium,synthetic_v4,label reflects the article's primary subject,240
V4-0064,Serverless Computing Is Reshaping Competitive Priorities,"Customer expectations are reshaping the economics of serverless computing, particularly for providers that compete on compute utilization.

The economics remain closely watched. Upfront investment can be significant, while benefits often emerge through a combination of lower operating expense, better capacity use, and improved customer experience.

Regulatory requirements and data-governance expectations are influencing project design. Teams are building auditability and reporting into the program rather than treating compliance as a final review step.

Several organizations have adopted a pilot-first approach. They are limiting the initial scope, documenting operating assumptions, and expanding only after teams demonstrate that the new process can be supported at scale.

The company referenced telecommunications as one dependency among several; the central discussion remains cloud computing.

The broader market is likely to watch the rollout for evidence that the approach can work outside a controlled pilot environment.",cloud_computing,serverless computing,target,market_commentary,medium,medium,synthetic_v4,label reflects the article's primary subject,139
V4-0109,A Practical Guide to Low-Code Applications,"Understanding low-code applications requires separating the underlying architecture from the business processes used to operate it.

Workforce constraints are another concern. Companies need technical specialists as well as operational employees who understand how the new capability affects day-to-day decisions.

Several organizations have adopted a pilot-first approach. They are limiting the initial scope, documenting operating assumptions, and expanding only after teams demonstrate that the new process can be supported at scale.

For now, the initiative illustrates how organizations are linking technology decisions to concrete operating targets rather than treating modernization as an end in itself.",enterprise_software,low-code applications,other,technology_explainer,short,easy,synthetic_v4,label reflects the article's primary subject,94
V4-0049,Data Platforms Adoption Enters a More Practical Phase,"A growing number of operators are reconsidering how they approach data platforms, particularly as cloud spending becomes a board-level concern.

The initiative includes phased deployment, new vendor contracts, staff training, and a revised measurement framework. Leaders said they will review cloud spending monthly and adjust spending when early results differ from the original forecast.

""Customers notice reliability and service quality long before they notice the underlying technology,"" said Caleb Martin, a fictional market analyst.

Executives are also paying attention to supplier concentration and contract flexibility. A technically successful deployment may still create long-term risk when switching costs are high or critical components come from a narrow group of vendors.

Regulatory requirements and data-governance expectations are influencing project design. Teams are building auditability and reporting into the program rather than treating compliance as a final review step.

Analysts said the program's credibility will depend on transparent reporting and consistent performance after the initial launch period.",cloud_computing,data platforms,target,trade_publication,medium,easy,synthetic_v4,label reflects the article's primary subject,154
V4-0163,Pioneer Health Network Launches New Hospital Operations Initiative,"Pioneer Health Network introduced a new program focused on hospital operations, positioning the effort as part of a broader operational modernization plan.

The initiative includes phased deployment, new vendor contracts, staff training, and a revised measurement framework. Leaders said they will review readmission rate monthly and adjust spending when early results differ from the original forecast.

""The pilot gave us enough evidence to proceed, but it also showed where the original assumptions were too optimistic,"" said Nora Ibrahim, a fictional program leader.

Executives are also paying attention to supplier concentration and contract flexibility. A technically successful deployment may still create long-term risk when switching costs are high or critical components come from a narrow group of vendors.

The economics remain closely watched. Upfront investment can be significant, while benefits often emerge through a combination of lower operating expense, better capacity use, and improved customer experience.

The company referenced enterprise software as one dependency among several; the central discussion remains healthcare.

The next phase will test whether the organization can preserve the early gains as deployment expands across more locations and business units.",healthcare,hospital operations,other,company_announcement,medium,medium,synthetic_v4,label reflects the article's primary subject,182
V4-0158,What Recent Medical Devices Announcements Really Signal,"Recent announcements around medical devices reveal a market that is expanding but not yet standardized.

Several organizations have adopted a pilot-first approach. They are limiting the initial scope, documenting operating assumptions, and expanding only after teams demonstrate that the new process can be supported at scale.

The initiative includes phased deployment, new vendor contracts, staff training, and a revised measurement framework. Leaders said they will review diagnostic turnaround monthly and adjust spending when early results differ from the original forecast.

Workforce constraints are another concern. Companies need technical specialists as well as operational employees who understand how the new capability affects day-to-day decisions.

Analysts said the program's credibility will depend on transparent reporting and consistent performance after the initial launch period.",healthcare,medical devices,other,market_commentary,medium,easy,synthetic_v4,label reflects the article's primary subject,121
V4-0152,Consumer Lending Spending Rises as Execution Risks Persist,"Analysts expect consumer lending adoption to continue, driven by pressure to improve assets under management and respond faster to changing demand.

Regulatory requirements and data-governance expectations are influencing project design. Teams are building auditability and reporting into the program rather than treating compliance as a final review step.

Several organizations have adopted a pilot-first approach. They are limiting the initial scope, documenting operating assumptions, and expanding only after teams demonstrate that the new process can be supported at scale.

The economics remain closely watched. Upfront investment can be significant, while benefits often emerge through a combination of lower operating expense, better capacity use, and improved customer experience.

The project also uses enterprise software, but that technology serves as supporting infrastructure rather than the article's main subject.

For now, the initiative illustrates how organizations are linking technology decisions to concrete operating targets rather than treating modernization as an end in itself.",financial_services,consumer lending,other,industry_analysis,medium,medium,synthetic_v4,label reflects the article's primary subject,150
V4-0146,The Market Debate Around Fraud Prevention Has Changed,"Recent announcements around fraud prevention reveal a market that is expanding but not yet standardized.

Executives are also paying attention to supplier concentration and contract flexibility. A technically successful deployment may still create long-term risk when switching costs are high or critical components come from a narrow group of vendors.

Regulatory requirements and data-governance expectations are influencing project design. Teams are building auditability and reporting into the program rather than treating compliance as a final review step.

Analysts said the program's credibility will depend on transparent reporting and consistent performance after the initial launch period.",financial_services,fraud prevention,other,market_commentary,short,easy,synthetic_v4,label reflects the article's primary subject,95
V4-0010,What Recent Network Modernization Announcements Really Signal,"Recent announcements around network modernization reveal a market that is expanding but not yet standardized.

Several organizations have adopted a pilot-first approach. They are limiting the initial scope, documenting operating assumptions, and expanding only after teams demonstrate that the new process can be supported at scale.

The initiative includes phased deployment, new vendor contracts, staff training, and a revised measurement framework. Leaders said they will review installation speed monthly and adjust spending when early results differ from the original forecast.

Workforce constraints are another concern. Companies need technical specialists as well as operational employees who understand how the new capability affects day-to-day decisions.

Although cybersecurity appears in the implementation plan, the business decision being examined is primarily about telecommunications.

The broader market is likely to watch the rollout for evidence that the approach can work outside a controlled pilot environment.",telecommunications,network modernization,target,market_commentary,medium,medium,synthetic_v4,label reflects the article's primary subject,140
V4-0007,Rural Broadband Adoption Enters a More Practical Phase,"Industry specialists say rural broadband is becoming more important as organizations try to improve latency without adding unnecessary complexity.

Regulatory requirements and data-governance expectations are influencing project design. Teams are building auditability and reporting into the program rather than treating compliance as a final review step.

""The difficult part is not approving the technology budget; it is changing operating habits,"" said Marcus Lee, a fictional industry adviser involved in the project.

Workforce constraints are another concern. Companies need technical specialists as well as operational employees who understand how the new capability affects day-to-day decisions.

Several organizations have adopted a pilot-first approach. They are limiting the initial scope, documenting operating assumptions, and expanding only after teams demonstrate that the new process can be supported at scale.

The company referenced cybersecurity as one dependency among several; the central discussion remains telecommunications.

Teams involved in the program discussed cloud platforms, security controls, data integration, and network connectivity in the same planning sessions. Those references could make the article appear cross-sector at a glance, but the spending decision, success metrics, and operational ownership all belong to telecommunications.

For now, the initiative illustrates how organizations are linking technology decisions to concrete operating targets rather than treating modernization as an end in itself.",telecommunications,rural broadband,target,trade_publication,medium,hard,synthetic_v4,label reflects the article's primary subject,207
V4-0194,Inside the Architecture of Ocean Shipping,"Understanding ocean shipping requires separating the underlying architecture from the business processes used to operate it.

The initiative includes phased deployment, new vendor contracts, staff training, and a revised measurement framework. Leaders said they will review shipping cost monthly and adjust spending when early results differ from the original forecast.

Regulatory requirements and data-governance expectations are influencing project design. Teams are building auditability and reporting into the program rather than treating compliance as a final review step.

The economics remain closely watched. Upfront investment can be significant, while benefits often emerge through a combination of lower operating expense, better capacity use, and improved customer experience.

Although cloud computing appears in the implementation plan, the business decision being examined is primarily about transportation logistics.

Analysts said the program's credibility will depend on transparent reporting and consistent performance after the initial launch period.",transportation_logistics,ocean shipping,other,technology_explainer,medium,medium,synthetic_v4,label reflects the article's primary subject,141
V4-0119,Gaming Hardware Is Reshaping Competitive Priorities,"Customer expectations are reshaping the economics of gaming hardware, particularly for providers that compete on repairability.

The economics remain closely watched. Upfront investment can be significant, while benefits often emerge through a combination of lower operating expense, better capacity use, and improved customer experience.

Executives are also paying attention to supplier concentration and contract flexibility. A technically successful deployment may still create long-term risk when switching costs are high or critical components come from a narrow group of vendors.

The company referenced telecommunications as one dependency among several; the central discussion remains consumer electronics.

Analysts said the program's credibility will depend on transparent reporting and consistent performance after the initial launch period.",consumer_electronics,gaming hardware,other,market_commentary,short,medium,synthetic_v4,label reflects the article's primary subject,112
V4-0063,Inside the Architecture of Multi-Cloud Operations,"Understanding multi-cloud operations requires separating the underlying architecture from the business processes used to operate it.

Several organizations have adopted a pilot-first approach. They are limiting the initial scope, documenting operating assumptions, and expanding only after teams demonstrate that the new process can be supported at scale.

Executives are also paying attention to supplier concentration and contract flexibility. A technically successful deployment may still create long-term risk when switching costs are high or critical components come from a narrow group of vendors.

Regulatory requirements and data-governance expectations are influencing project design. Teams are building auditability and reporting into the program rather than treating compliance as a final review step.

The initiative includes phased deployment, new vendor contracts, staff training, and a revised measurement framework. Leaders said they will review deployment frequency monthly and adjust spending when early results differ from the original forecast.

The economics remain closely watched. Upfront investment can be significant, while benefits often emerge through a combination of lower operating expense, better capacity use, and improved customer experience.

Although cybersecurity appears in the implementation plan, the business decision being examined is primarily about cloud computing.

Stakeholders will compare results across regions and customer groups. The evaluation will consider deployment frequency, implementation speed, service consistency, and whether the program can operate without continued executive intervention.

For now, the initiative illustrates how organizations are linking technology decisions to concrete operating targets rather than treating modernization as an end in itself.",cloud_computing,multi-cloud operations,target,technology_explainer,long,medium,synthetic_v4,label reflects the article's primary subject,241
V4-0178,Battery Storage Investment Accelerates in Germany,"SunRiver Energy said on Monday that it will expand its battery storage program in Singapore, citing stronger demand from households.

The economics remain closely watched. Upfront investment can be significant, while benefits often emerge through a combination of lower operating expense, better capacity use, and improved customer experience.

""The pilot gave us enough evidence to proceed, but it also showed where the original assumptions were too optimistic,"" said Daniel Brooks, a fictional program leader.

Several organizations have adopted a pilot-first approach. They are limiting the initial scope, documenting operating assumptions, and expanding only after teams demonstrate that the new process can be supported at scale.

Although cloud computing appears in the implementation plan, the business decision being examined is primarily about energy.

Analysts said the program's credibility will depend on transparent reporting and consistent performance after the initial launch period.",energy,battery storage,other,wire_service,short,medium,synthetic_v4,label reflects the article's primary subject,140
V4-0043,A Practical Guide to Ai Infrastructure,"At a practical level, AI infrastructure changes how organizations provision capacity, manage reliability, and measure deployment frequency.

Executives are also paying attention to supplier concentration and contract flexibility. A technically successful deployment may still create long-term risk when switching costs are high or critical components come from a narrow group of vendors.

The economics remain closely watched. Upfront investment can be significant, while benefits often emerge through a combination of lower operating expense, better capacity use, and improved customer experience.

Workforce constraints are another concern. Companies need technical specialists as well as operational employees who understand how the new capability affects day-to-day decisions.

Regulatory requirements and data-governance expectations are influencing project design. Teams are building auditability and reporting into the program rather than treating compliance as a final review step.

Several organizations have adopted a pilot-first approach. They are limiting the initial scope, documenting operating assumptions, and expanding only after teams demonstrate that the new process can be supported at scale.

The project also uses enterprise software, but that technology serves as supporting infrastructure rather than the article's main subject.

Stakeholders will compare results across regions and customer groups. The evaluation will consider deployment frequency, implementation speed, service consistency, and whether the program can operate without continued executive intervention.

The broader market is likely to watch the rollout for evidence that the approach can work outside a controlled pilot environment.",cloud_computing,AI infrastructure,target,technology_explainer,long,medium,synthetic_v4,label reflects the article's primary subject,230
V4-0114,Why Workflow Automation Is Moving Beyond Pilot Projects,"A growing number of operators are reconsidering how they approach workflow automation, particularly as forecast accuracy becomes a board-level concern.

The economics remain closely watched. Upfront investment can be significant, while benefits often emerge through a combination of lower operating expense, better capacity use, and improved customer experience.

""We are measuring success in operational terms, not by the number of systems installed,"" said Marcus Lee, a fictional executive at ProcessSpring.

Executives are also paying attention to supplier concentration and contract flexibility. A technically successful deployment may still create long-term risk when switching costs are high or critical components come from a narrow group of vendors.

The broader market is likely to watch the rollout for evidence that the approach can work outside a controlled pilot environment.",enterprise_software,workflow automation,other,trade_publication,short,easy,synthetic_v4,label reflects the article's primary subject,126
V4-0107,Crm Platforms Investment Accelerates in the Pacific Northwest,"Organizations in the Midwest are increasing investment in CRM platforms, with ProcessSpring among the latest to announce a broader rollout.

The initiative includes phased deployment, new vendor contracts, staff training, and a revised measurement framework. Leaders said they will review cycle time monthly and adjust spending when early results differ from the original forecast.

""Customers notice reliability and service quality long before they notice the underlying technology,"" said Sofia Patel, a fictional market analyst.

The economics remain closely watched. Upfront investment can be significant, while benefits often emerge through a combination of lower operating expense, better capacity use, and improved customer experience.

Analysts said the program's credibility will depend on transparent reporting and consistent performance after the initial launch period.",enterprise_software,CRM platforms,other,wire_service,short,easy,synthetic_v4,label reflects the article's primary subject,120
V4-0067,How Hybrid Cloud Works in Practice,"Hybrid Cloud combines several technical and operational components that are often discussed as a single capability.

Executives are also paying attention to supplier concentration and contract flexibility. A technically successful deployment may still create long-term risk when switching costs are high or critical components come from a narrow group of vendors.

The economics remain closely watched. Upfront investment can be significant, while benefits often emerge through a combination of lower operating expense, better capacity use, and improved customer experience.

Analysts said the program's credibility will depend on transparent reporting and consistent performance after the initial launch period.",cloud_computing,hybrid cloud,target,technology_explainer,short,easy,synthetic_v4,label reflects the article's primary subject,97
V4-0155,Asset Management Adoption Enters a More Practical Phase,"The market for asset management is moving from experimentation toward routine deployment, although implementation practices remain uneven.

Regulatory requirements and data-governance expectations are influencing project design. Teams are building auditability and reporting into the program rather than treating compliance as a final review step.

""The pilot gave us enough evidence to proceed, but it also showed where the original assumptions were too optimistic,"" said Maya Chen, a fictional program leader.

The economics remain closely watched. Upfront investment can be significant, while benefits often emerge through a combination of lower operating expense, better capacity use, and improved customer experience.

For now, the initiative illustrates how organizations are linking technology decisions to concrete operating targets rather than treating modernization as an end in itself.",financial_services,asset management,other,trade_publication,short,easy,synthetic_v4,label reflects the article's primary subject,122
V4-0048,NimbusForge Extends Serverless Computing Program,"NimbusForge announced that it is expanding its work in serverless computing after internal trials showed measurable gains in recovery time.

Several organizations have adopted a pilot-first approach. They are limiting the initial scope, documenting operating assumptions, and expanding only after teams demonstrate that the new process can be supported at scale.

""The pilot gave us enough evidence to proceed, but it also showed where the original assumptions were too optimistic,"" said Marcus Lee, a fictional program leader.

The economics remain closely watched. Upfront investment can be significant, while benefits often emerge through a combination of lower operating expense, better capacity use, and improved customer experience.

Executives are also paying attention to supplier concentration and contract flexibility. A technically successful deployment may still create long-term risk when switching costs are high or critical components come from a narrow group of vendors.

Some teams described links to enterprise software, yet the reported outcomes and investment rationale are centered on cloud computing.

Teams involved in the program discussed cloud platforms, security controls, data integration, and network connectivity in the same planning sessions. Those references could make the article appear cross-sector at a glance, but the spending decision, success metrics, and operational ownership all belong to cloud computing.

Analysts said the program's credibility will depend on transparent reporting and consistent performance after the initial launch period.",cloud_computing,serverless computing,target,company_announcement,medium,hard,synthetic_v4,label reflects the article's primary subject,222
V4-0085,Ransomware Defense Investment Accelerates in the Pacific Northwest,"Organizations in Germany are increasing investment in ransomware defense, with BlackPeak Cyber among the latest to announce a broader rollout.

Workforce constraints are another concern. Companies need technical specialists as well as operational employees who understand how the new capability affects day-to-day decisions.

""We are measuring success in operational terms, not by the number of systems installed,"" said Maya Chen, a fictional executive at BlackPeak Cyber.

The initiative includes phased deployment, new vendor contracts, staff training, and a revised measurement framework. Leaders said they will review false-positive rate monthly and adjust spending when early results differ from the original forecast.

Regulatory requirements and data-governance expectations are influencing project design. Teams are building auditability and reporting into the program rather than treating compliance as a final review step.

Executives are also paying attention to supplier concentration and contract flexibility. A technically successful deployment may still create long-term risk when switching costs are high or critical components come from a narrow group of vendors.

Several organizations have adopted a pilot-first approach. They are limiting the initial scope, documenting operating assumptions, and expanding only after teams demonstrate that the new process can be supported at scale.

Stakeholders will compare results across regions and customer groups. The evaluation will consider false-positive rate, implementation speed, service consistency, and whether the program can operate without continued executive intervention.

The broader market is likely to watch the rollout for evidence that the approach can work outside a controlled pilot environment.",cybersecurity,ransomware defense,other,wire_service,long,easy,synthetic_v4,label reflects the article's primary subject,243
V4-0104,A Practical Guide to Crm Platforms,"Crm Platforms combines several technical and operational components that are often discussed as a single capability.

Regulatory requirements and data-governance expectations are influencing project design. Teams are building auditability and reporting into the program rather than treating compliance as a final review step.

Workforce constraints are another concern. Companies need technical specialists as well as operational employees who understand how the new capability affects day-to-day decisions.

Analysts said the program's credibility will depend on transparent reporting and consistent performance after the initial launch period.",enterprise_software,CRM platforms,other,technology_explainer,short,easy,synthetic_v4,label reflects the article's primary subject,84
V4-0102,Market Outlook for Workflow Automation Remains Constructive,"The outlook for workflow automation remains favorable, although organizations face trade-offs involving cost, regulation, and workforce readiness.

Executives are also paying attention to supplier concentration and contract flexibility. A technically successful deployment may still create long-term risk when switching costs are high or critical components come from a narrow group of vendors.

Workforce constraints are another concern. Companies need technical specialists as well as operational employees who understand how the new capability affects day-to-day decisions.

For now, the initiative illustrates how organizations are linking technology decisions to concrete operating targets rather than treating modernization as an end in itself.",enterprise_software,workflow automation,other,industry_analysis,short,easy,synthetic_v4,label reflects the article's primary subject,99
V4-0023,Satellite Connectivity Spending Rises as Execution Risks Persist,"The outlook for satellite connectivity remains favorable, although organizations face trade-offs involving cost, regulation, and workforce readiness.

Executives are also paying attention to supplier concentration and contract flexibility. A technically successful deployment may still create long-term risk when switching costs are high or critical components come from a narrow group of vendors.

The economics remain closely watched. Upfront investment can be significant, while benefits often emerge through a combination of lower operating expense, better capacity use, and improved customer experience.

Analysts said the program's credibility will depend on transparent reporting and consistent performance after the initial launch period.",telecommunications,satellite connectivity,target,industry_analysis,short,easy,synthetic_v4,label reflects the article's primary subject,98
V4-0099,Mercury Business Systems Plans Broader Workflow Automation Rollout,"Mercury Business Systems said on Thursday that it will expand its workflow automation program in California, citing stronger demand from finance teams.

Several organizations have adopted a pilot-first approach. They are limiting the initial scope, documenting operating assumptions, and expanding only after teams demonstrate that the new process can be supported at scale.

""The pilot gave us enough evidence to proceed, but it also showed where the original assumptions were too optimistic,"" said Sofia Patel, a fictional program leader.

Workforce constraints are another concern. Companies need technical specialists as well as operational employees who understand how the new capability affects day-to-day decisions.

Executives are also paying attention to supplier concentration and contract flexibility. A technically successful deployment may still create long-term risk when switching costs are high or critical components come from a narrow group of vendors.

Although financial services appears in the implementation plan, the business decision being examined is primarily about enterprise software.

The broader market is likely to watch the rollout for evidence that the approach can work outside a controlled pilot environment.",enterprise_software,workflow automation,other,wire_service,medium,medium,synthetic_v4,label reflects the article's primary subject,176
V4-0106,Why Data Governance Is Moving Beyond Pilot Projects,"A growing number of operators are reconsidering how they approach data governance, particularly as user adoption becomes a board-level concern.

Several organizations have adopted a pilot-first approach. They are limiting the initial scope, documenting operating assumptions, and expanding only after teams demonstrate that the new process can be supported at scale.

""The pilot gave us enough evidence to proceed, but it also showed where the original assumptions were too optimistic,"" said Marcus Lee, a fictional program leader.

The economics remain closely watched. Upfront investment can be significant, while benefits often emerge through a combination of lower operating expense, better capacity use, and improved customer experience.

The initiative includes phased deployment, new vendor contracts, staff training, and a revised measurement framework. Leaders said they will review user adoption monthly and adjust spending when early results differ from the original forecast.

Regulatory requirements and data-governance expectations are influencing project design. Teams are building auditability and reporting into the program rather than treating compliance as a final review step.

Executives are also paying attention to supplier concentration and contract flexibility. A technically successful deployment may still create long-term risk when switching costs are high or critical components come from a narrow group of vendors.

Although healthcare appears in the implementation plan, the business decision being examined is primarily about enterprise software.

Stakeholders will compare results across regions and customer groups. The evaluation will consider user adoption, implementation speed, service consistency, and whether the program can operate without continued executive intervention.

The next phase will test whether the organization can preserve the early gains as deployment expands across more locations and business units.",enterprise_software,data governance,other,trade_publication,long,medium,synthetic_v4,label reflects the article's primary subject,269
V4-0087,Inside the Architecture of Zero Trust,"Understanding zero trust requires separating the underlying architecture from the business processes used to operate it.

Regulatory requirements and data-governance expectations are influencing project design. Teams are building auditability and reporting into the program rather than treating compliance as a final review step.

Several organizations have adopted a pilot-first approach. They are limiting the initial scope, documenting operating assumptions, and expanding only after teams demonstrate that the new process can be supported at scale.

The initiative includes phased deployment, new vendor contracts, staff training, and a revised measurement framework. Leaders said they will review recovery time monthly and adjust spending when early results differ from the original forecast.

Executives are also paying attention to supplier concentration and contract flexibility. A technically successful deployment may still create long-term risk when switching costs are high or critical components come from a narrow group of vendors.

The economics remain closely watched. Upfront investment can be significant, while benefits often emerge through a combination of lower operating expense, better capacity use, and improved customer experience.

The project also uses financial services, but that technology serves as supporting infrastructure rather than the article's main subject.

Teams involved in the program discussed cloud platforms, security controls, data integration, and network connectivity in the same planning sessions. Those references could make the article appear cross-sector at a glance, but the spending decision, success metrics, and operational ownership all belong to cybersecurity.

Stakeholders will compare results across regions and customer groups. The evaluation will consider recovery time, implementation speed, service consistency, and whether the program can operate without continued executive intervention.

For now, the initiative illustrates how organizations are linking technology decisions to concrete operating targets rather than treating modernization as an end in itself.",cybersecurity,zero trust,other,technology_explainer,long,hard,synthetic_v4,label reflects the article's primary subject,287
V4-0165,Operators Rethink the Economics of Diagnostics,"A growing number of operators are reconsidering how they approach diagnostics, particularly as trial enrollment becomes a board-level concern.

The initiative includes phased deployment, new vendor contracts, staff training, and a revised measurement framework. Leaders said they will review trial enrollment monthly and adjust spending when early results differ from the original forecast.

""We are measuring success in operational terms, not by the number of systems installed,"" said Caleb Martin, a fictional executive at Northbridge Medical.

Several organizations have adopted a pilot-first approach. They are limiting the initial scope, documenting operating assumptions, and expanding only after teams demonstrate that the new process can be supported at scale.

The economics remain closely watched. Upfront investment can be significant, while benefits often emerge through a combination of lower operating expense, better capacity use, and improved customer experience.

Workforce constraints are another concern. Companies need technical specialists as well as operational employees who understand how the new capability affects day-to-day decisions.

Executives are also paying attention to supplier concentration and contract flexibility. A technically successful deployment may still create long-term risk when switching costs are high or critical components come from a narrow group of vendors.

The company referenced cybersecurity as one dependency among several; the central discussion remains healthcare.

Stakeholders will compare results across regions and customer groups. The evaluation will consider trial enrollment, implementation speed, service consistency, and whether the program can operate without continued executive intervention.

The broader market is likely to watch the rollout for evidence that the approach can work outside a controlled pilot environment.",healthcare,diagnostics,other,trade_publication,long,medium,synthetic_v4,label reflects the article's primary subject,257
V4-0032,5G Spectrum Is Reshaping Competitive Priorities,"Customer expectations are reshaping the economics of 5G spectrum, particularly for providers that compete on installation speed.

Several organizations have adopted a pilot-first approach. They are limiting the initial scope, documenting operating assumptions, and expanding only after teams demonstrate that the new process can be supported at scale.

The economics remain closely watched. Upfront investment can be significant, while benefits often emerge through a combination of lower operating expense, better capacity use, and improved customer experience.

Workforce constraints are another concern. Companies need technical specialists as well as operational employees who understand how the new capability affects day-to-day decisions.

The company referenced cybersecurity as one dependency among several; the central discussion remains telecommunications.

The broader market is likely to watch the rollout for evidence that the approach can work outside a controlled pilot environment.",telecommunications,5G spectrum,target,market_commentary,medium,medium,synthetic_v4,label reflects the article's primary subject,134
V4-0200,Why Port Operations Is Moving Beyond Pilot Projects,"The market for port operations is moving from experimentation toward routine deployment, although implementation practices remain uneven.

Executives are also paying attention to supplier concentration and contract flexibility. A technically successful deployment may still create long-term risk when switching costs are high or critical components come from a narrow group of vendors.

""The difficult part is not approving the technology budget; it is changing operating habits,"" said Daniel Brooks, a fictional industry adviser involved in the project.

Workforce constraints are another concern. Companies need technical specialists as well as operational employees who understand how the new capability affects day-to-day decisions.

Several organizations have adopted a pilot-first approach. They are limiting the initial scope, documenting operating assumptions, and expanding only after teams demonstrate that the new process can be supported at scale.

The broader market is likely to watch the rollout for evidence that the approach can work outside a controlled pilot environment.",transportation_logistics,port operations,other,trade_publication,medium,easy,synthetic_v4,label reflects the article's primary subject,152
V4-0030,Open Ran Adoption Enters a More Practical Phase,"A growing number of operators are reconsidering how they approach Open RAN, particularly as capital intensity becomes a board-level concern.

Several organizations have adopted a pilot-first approach. They are limiting the initial scope, documenting operating assumptions, and expanding only after teams demonstrate that the new process can be supported at scale.

""We are measuring success in operational terms, not by the number of systems installed,"" said Marcus Lee, a fictional executive at Northline Communications.

Regulatory requirements and data-governance expectations are influencing project design. Teams are building auditability and reporting into the program rather than treating compliance as a final review step.

Executives are also paying attention to supplier concentration and contract flexibility. A technically successful deployment may still create long-term risk when switching costs are high or critical components come from a narrow group of vendors.

Workforce constraints are another concern. Companies need technical specialists as well as operational employees who understand how the new capability affects day-to-day decisions.

The initiative includes phased deployment, new vendor contracts, staff training, and a revised measurement framework. Leaders said they will review capital intensity monthly and adjust spending when early results differ from the original forecast.

Stakeholders will compare results across regions and customer groups. The evaluation will consider capital intensity, implementation speed, service consistency, and whether the program can operate without continued executive intervention.

Analysts said the program's credibility will depend on transparent reporting and consistent performance after the initial launch period.",telecommunications,Open RAN,target,trade_publication,long,easy,synthetic_v4,label reflects the article's primary subject,240
V4-0081,The Business Case for Threat Intelligence Is Becoming More Nuanced,"Investment in threat intelligence is rising, but the business case depends heavily on execution discipline and the ability to track detection time.

Regulatory requirements and data-governance expectations are influencing project design. Teams are building auditability and reporting into the program rather than treating compliance as a final review step.

The economics remain closely watched. Upfront investment can be significant, while benefits often emerge through a combination of lower operating expense, better capacity use, and improved customer experience.

Several organizations have adopted a pilot-first approach. They are limiting the initial scope, documenting operating assumptions, and expanding only after teams demonstrate that the new process can be supported at scale.

The company referenced telecommunications as one dependency among several; the central discussion remains cybersecurity.

Teams involved in the program discussed cloud platforms, security controls, data integration, and network connectivity in the same planning sessions. Those references could make the article appear cross-sector at a glance, but the spending decision, success metrics, and operational ownership all belong to cybersecurity.

The next phase will test whether the organization can preserve the early gains as deployment expands across more locations and business units.",cybersecurity,threat intelligence,other,industry_analysis,medium,hard,synthetic_v4,label reflects the article's primary subject,188
V4-0060,Inside the Architecture of Data Platforms,"Understanding data platforms requires separating the underlying architecture from the business processes used to operate it.

Executives are also paying attention to supplier concentration and contract flexibility. A technically successful deployment may still create long-term risk when switching costs are high or critical components come from a narrow group of vendors.

The initiative includes phased deployment, new vendor contracts, staff training, and a revised measurement framework. Leaders said they will review deployment frequency monthly and adjust spending when early results differ from the original forecast.

Regulatory requirements and data-governance expectations are influencing project design. Teams are building auditability and reporting into the program rather than treating compliance as a final review step.

Some teams described links to enterprise software, yet the reported outcomes and investment rationale are centered on cloud computing.

The next phase will test whether the organization can preserve the early gains as deployment expands across more locations and business units.",cloud_computing,data platforms,target,technology_explainer,medium,medium,synthetic_v4,label reflects the article's primary subject,153
V4-0008,Satellite Connectivity Investment Accelerates in the United Kingdom,"Organizations in Singapore are increasing investment in satellite connectivity, with Northline Communications among the latest to announce a broader rollout.

Workforce constraints are another concern. Companies need technical specialists as well as operational employees who understand how the new capability affects day-to-day decisions.

""We are measuring success in operational terms, not by the number of systems installed,"" said Marcus Lee, a fictional executive at Northline Communications.

Executives are also paying attention to supplier concentration and contract flexibility. A technically successful deployment may still create long-term risk when switching costs are high or critical components come from a narrow group of vendors.

Several organizations have adopted a pilot-first approach. They are limiting the initial scope, documenting operating assumptions, and expanding only after teams demonstrate that the new process can be supported at scale.

The broader market is likely to watch the rollout for evidence that the approach can work outside a controlled pilot environment.",telecommunications,satellite connectivity,target,wire_service,medium,easy,synthetic_v4,label reflects the article's primary subject,153
V4-0150,Capital Markets Is Reshaping Competitive Priorities,"The debate over capital markets has shifted from whether organizations should invest to how quickly they can produce measurable results.

Executives are also paying attention to supplier concentration and contract flexibility. A technically successful deployment may still create long-term risk when switching costs are high or critical components come from a narrow group of vendors.

Several organizations have adopted a pilot-first approach. They are limiting the initial scope, documenting operating assumptions, and expanding only after teams demonstrate that the new process can be supported at scale.

Some teams described links to cybersecurity, yet the reported outcomes and investment rationale are centered on financial services.

Teams involved in the program discussed cloud platforms, security controls, data integration, and network connectivity in the same planning sessions. Those references could make the article appear cross-sector at a glance, but the spending decision, success metrics, and operational ownership all belong to financial services.

The next phase will test whether the organization can preserve the early gains as deployment expands across more locations and business units.",financial_services,capital markets,other,market_commentary,short,hard,synthetic_v4,label reflects the article's primary subject,171
V4-0001,BluePeak Wireless Plans Broader Open Ran Rollout,"BluePeak Wireless has begun a new Open RAN initiative in Germany after a year of pilot projects and supplier negotiations.

Executives are also paying attention to supplier concentration and contract flexibility. A technically successful deployment may still create long-term risk when switching costs are high or critical components come from a narrow group of vendors.

""We are measuring success in operational terms, not by the number of systems installed,"" said Maya Chen, a fictional executive at BluePeak Wireless.

Workforce constraints are another concern. Companies need technical specialists as well as operational employees who understand how the new capability affects day-to-day decisions.

Analysts said the program's credibility will depend on transparent reporting and consistent performance after the initial launch period.",telecommunications,Open RAN,target,wire_service,short,easy,synthetic_v4,label reflects the article's primary subject,119
V4-0036,Ai Infrastructure Spending Rises as Execution Risks Persist,"Analysts expect AI infrastructure adoption to continue, driven by pressure to improve service reliability and respond faster to changing demand.

Regulatory requirements and data-governance expectations are influencing project design. Teams are building auditability and reporting into the program rather than treating compliance as a final review step.

The economics remain closely watched. Upfront investment can be significant, while benefits often emerge through a combination of lower operating expense, better capacity use, and improved customer experience.

The company referenced telecommunications as one dependency among several; the central discussion remains cloud computing.

Teams involved in the program discussed cloud platforms, security controls, data integration, and network connectivity in the same planning sessions. Those references could make the article appear cross-sector at a glance, but the spending decision, success metrics, and operational ownership all belong to cloud computing.

The next phase will test whether the organization can preserve the early gains as deployment expands across more locations and business units.",cloud_computing,AI infrastructure,target,industry_analysis,short,hard,synthetic_v4,label reflects the article's primary subject,157
V4-0024,Why Fiber Broadband Is Moving Beyond Pilot Projects,"Industry specialists say fiber broadband is becoming more important as organizations try to improve latency without adding unnecessary complexity.

Several organizations have adopted a pilot-first approach. They are limiting the initial scope, documenting operating assumptions, and expanding only after teams demonstrate that the new process can be supported at scale.

""The difficult part is not approving the technology budget; it is changing operating habits,"" said Caleb Martin, a fictional industry adviser involved in the project.

The initiative includes phased deployment, new vendor contracts, staff training, and a revised measurement framework. Leaders said they will review latency monthly and adjust spending when early results differ from the original forecast.

The company referenced cybersecurity as one dependency among several; the central discussion remains telecommunications.

The broader market is likely to watch the rollout for evidence that the approach can work outside a controlled pilot environment.",telecommunications,fiber broadband,target,trade_publication,short,medium,synthetic_v4,label reflects the article's primary subject,143
V4-0039,Hybrid Cloud Investment Accelerates in Australia,"Vertex Cloud Systems has begun a new hybrid cloud initiative in the Midwest after a year of pilot projects and supplier negotiations.

Regulatory requirements and data-governance expectations are influencing project design. Teams are building auditability and reporting into the program rather than treating compliance as a final review step.

""The difficult part is not approving the technology budget; it is changing operating habits,"" said Sofia Patel, a fictional industry adviser involved in the project.

Several organizations have adopted a pilot-first approach. They are limiting the initial scope, documenting operating assumptions, and expanding only after teams demonstrate that the new process can be supported at scale.

Executives are also paying attention to supplier concentration and contract flexibility. A technically successful deployment may still create long-term risk when switching costs are high or critical components come from a narrow group of vendors.

Workforce constraints are another concern. Companies need technical specialists as well as operational employees who understand how the new capability affects day-to-day decisions.

The economics remain closely watched. Upfront investment can be significant, while benefits often emerge through a combination of lower operating expense, better capacity use, and improved customer experience.

Some teams described links to cybersecurity, yet the reported outcomes and investment rationale are centered on cloud computing.

Teams involved in the program discussed cloud platforms, security controls, data integration, and network connectivity in the same planning sessions. Those references could make the article appear cross-sector at a glance, but the spending decision, success metrics, and operational ownership all belong to cloud computing.

Stakeholders will compare results across regions and customer groups. The evaluation will consider deployment frequency, implementation speed, service consistency, and whether the program can operate without continued executive intervention.

Analysts said the program's credibility will depend on transparent reporting and consistent performance after the initial launch period.",cloud_computing,hybrid cloud,target,wire_service,long,hard,synthetic_v4,label reflects the article's primary subject,301
V4-0033,OrbitSpan Mobile Extends Mobile Core Program,"OrbitSpan Mobile introduced a new program focused on mobile core, positioning the effort as part of a broader operational modernization plan.

Several organizations have adopted a pilot-first approach. They are limiting the initial scope, documenting operating assumptions, and expanding only after teams demonstrate that the new process can be supported at scale.

""The pilot gave us enough evidence to proceed, but it also showed where the original assumptions were too optimistic,"" said Nora Ibrahim, a fictional program leader.

The initiative includes phased deployment, new vendor contracts, staff training, and a revised measurement framework. Leaders said they will review network availability monthly and adjust spending when early results differ from the original forecast.

Regulatory requirements and data-governance expectations are influencing project design. Teams are building auditability and reporting into the program rather than treating compliance as a final review step.

The next phase will test whether the organization can preserve the early gains as deployment expands across more locations and business units.",telecommunications,mobile core,target,company_announcement,medium,easy,synthetic_v4,label reflects the article's primary subject,161
V4-0003,Mobile Core Spending Rises as Execution Risks Persist,"The outlook for mobile core remains favorable, although organizations face trade-offs involving cost, regulation, and workforce readiness.

The initiative includes phased deployment, new vendor contracts, staff training, and a revised measurement framework. Leaders said they will review installation speed monthly and adjust spending when early results differ from the original forecast.

Workforce constraints are another concern. Companies need technical specialists as well as operational employees who understand how the new capability affects day-to-day decisions.

Regulatory requirements and data-governance expectations are influencing project design. Teams are building auditability and reporting into the program rather than treating compliance as a final review step.

Analysts said the program's credibility will depend on transparent reporting and consistent performance after the initial launch period.",telecommunications,mobile core,target,industry_analysis,medium,easy,synthetic_v4,label reflects the article's primary subject,119
V4-0021,Network Modernization Investment Accelerates in the Midwest,"Organizations in Germany are increasing investment in network modernization, with BluePeak Wireless among the latest to announce a broader rollout.

The initiative includes phased deployment, new vendor contracts, staff training, and a revised measurement framework. Leaders said they will review network availability monthly and adjust spending when early results differ from the original forecast.

""The difficult part is not approving the technology budget; it is changing operating habits,"" said Priya Raman, a fictional industry adviser involved in the project.

Several organizations have adopted a pilot-first approach. They are limiting the initial scope, documenting operating assumptions, and expanding only after teams demonstrate that the new process can be supported at scale.

Executives are also paying attention to supplier concentration and contract flexibility. A technically successful deployment may still create long-term risk when switching costs are high or critical components come from a narrow group of vendors.

Workforce constraints are another concern. Companies need technical specialists as well as operational employees who understand how the new capability affects day-to-day decisions.

Regulatory requirements and data-governance expectations are influencing project design. Teams are building auditability and reporting into the program rather than treating compliance as a final review step.

Although consumer electronics appears in the implementation plan, the business decision being examined is primarily about telecommunications.

Stakeholders will compare results across regions and customer groups. The evaluation will consider network availability, implementation speed, service consistency, and whether the program can operate without continued executive intervention.

For now, the initiative illustrates how organizations are linking technology decisions to concrete operating targets rather than treating modernization as an end in itself.",telecommunications,network modernization,target,wire_service,long,medium,synthetic_v4,label reflects the article's primary subject,265
V4-0177,Coastal Power Partners Announces Multi-Year Grid Modernization Investment,"Coastal Power Partners introduced a new program focused on grid modernization, positioning the effort as part of a broader operational modernization plan.

Workforce constraints are another concern. Companies need technical specialists as well as operational employees who understand how the new capability affects day-to-day decisions.

""Customers notice reliability and service quality long before they notice the underlying technology,"" said Caleb Martin, a fictional market analyst.

The initiative includes phased deployment, new vendor contracts, staff training, and a revised measurement framework. Leaders said they will review operating cost monthly and adjust spending when early results differ from the original forecast.

Executives are also paying attention to supplier concentration and contract flexibility. A technically successful deployment may still create long-term risk when switching costs are high or critical components come from a narrow group of vendors.

Some teams described links to cloud computing, yet the reported outcomes and investment rationale are centered on energy.

Teams involved in the program discussed cloud platforms, security controls, data integration, and network connectivity in the same planning sessions. Those references could make the article appear cross-sector at a glance, but the spending decision, success metrics, and operational ownership all belong to energy.

The broader market is likely to watch the rollout for evidence that the approach can work outside a controlled pilot environment.",energy,grid modernization,other,company_announcement,medium,hard,synthetic_v4,label reflects the article's primary subject,217
V4-0090,IronGate Security Announces Multi-Year Zero Trust Investment,"IronGate Security announced that it is expanding its work in zero trust after internal trials showed measurable gains in false-positive rate.

Workforce constraints are another concern. Companies need technical specialists as well as operational employees who understand how the new capability affects day-to-day decisions.

""Customers notice reliability and service quality long before they notice the underlying technology,"" said Hannah Weiss, a fictional market analyst.

Several organizations have adopted a pilot-first approach. They are limiting the initial scope, documenting operating assumptions, and expanding only after teams demonstrate that the new process can be supported at scale.

Regulatory requirements and data-governance expectations are influencing project design. Teams are building auditability and reporting into the program rather than treating compliance as a final review step.

Although telecommunications appears in the implementation plan, the business decision being examined is primarily about cybersecurity.

Teams involved in the program discussed cloud platforms, security controls, data integration, and network connectivity in the same planning sessions. Those references could make the article appear cross-sector at a glance, but the spending decision, success metrics, and operational ownership all belong to cybersecurity.

Analysts said the program's credibility will depend on transparent reporting and consistent performance after the initial launch period.",cybersecurity,zero trust,other,company_announcement,medium,hard,synthetic_v4,label reflects the article's primary subject,200
V4-0113,The Market Debate Around Erp Modernization Has Changed,"Customer expectations are reshaping the economics of ERP modernization, particularly for providers that compete on data quality.

Several organizations have adopted a pilot-first approach. They are limiting the initial scope, documenting operating assumptions, and expanding only after teams demonstrate that the new process can be supported at scale.

The initiative includes phased deployment, new vendor contracts, staff training, and a revised measurement framework. Leaders said they will review data quality monthly and adjust spending when early results differ from the original forecast.

Workforce constraints are another concern. Companies need technical specialists as well as operational employees who understand how the new capability affects day-to-day decisions.

The broader market is likely to watch the rollout for evidence that the approach can work outside a controlled pilot environment.",enterprise_software,ERP modernization,other,market_commentary,medium,easy,synthetic_v4,label reflects the article's primary subject,126
V4-0082,TrustLayer Extends Cloud Security Program,"TrustLayer unveiled a multi-year investment in cloud security intended to improve service for security teams.

Executives are also paying attention to supplier concentration and contract flexibility. A technically successful deployment may still create long-term risk when switching costs are high or critical components come from a narrow group of vendors.

""We are measuring success in operational terms, not by the number of systems installed,"" said Sofia Patel, a fictional executive at TrustLayer.

The initiative includes phased deployment, new vendor contracts, staff training, and a revised measurement framework. Leaders said they will review account compromise monthly and adjust spending when early results differ from the original forecast.

Several organizations have adopted a pilot-first approach. They are limiting the initial scope, documenting operating assumptions, and expanding only after teams demonstrate that the new process can be supported at scale.

The project also uses telecommunications, but that technology serves as supporting infrastructure rather than the article's main subject.

Teams involved in the program discussed cloud platforms, security controls, data integration, and network connectivity in the same planning sessions. Those references could make the article appear cross-sector at a glance, but the spending decision, success metrics, and operational ownership all belong to cybersecurity.

For now, the initiative illustrates how organizations are linking technology decisions to concrete operating targets rather than treating modernization as an end in itself.",cybersecurity,cloud security,other,company_announcement,medium,hard,synthetic_v4,label reflects the article's primary subject,223
V4-0147,Credit Risk Investment Accelerates in Australia,"Organizations in Texas are increasing investment in credit risk, with Oakline Capital among the latest to announce a broader rollout.

Workforce constraints are another concern. Companies need technical specialists as well as operational employees who understand how the new capability affects day-to-day decisions.

""The pilot gave us enough evidence to proceed, but it also showed where the original assumptions were too optimistic,"" said Nora Ibrahim, a fictional program leader.

The initiative includes phased deployment, new vendor contracts, staff training, and a revised measurement framework. Leaders said they will review assets under management monthly and adjust spending when early results differ from the original forecast.

Regulatory requirements and data-governance expectations are influencing project design. Teams are building auditability and reporting into the program rather than treating compliance as a final review step.

The economics remain closely watched. Upfront investment can be significant, while benefits often emerge through a combination of lower operating expense, better capacity use, and improved customer experience.

Several organizations have adopted a pilot-first approach. They are limiting the initial scope, documenting operating assumptions, and expanding only after teams demonstrate that the new process can be supported at scale.

Stakeholders will compare results across regions and customer groups. The evaluation will consider assets under management, implementation speed, service consistency, and whether the program can operate without continued executive intervention.

Analysts said the program's credibility will depend on transparent reporting and consistent performance after the initial launch period.",financial_services,credit risk,other,wire_service,long,easy,synthetic_v4,label reflects the article's primary subject,238
V4-0174,Oil And Gas Operations Spending Rises as Execution Risks Persist,"The outlook for oil and gas operations remains favorable, although organizations face trade-offs involving cost, regulation, and workforce readiness.

The initiative includes phased deployment, new vendor contracts, staff training, and a revised measurement framework. Leaders said they will review generation capacity monthly and adjust spending when early results differ from the original forecast.

Regulatory requirements and data-governance expectations are influencing project design. Teams are building auditability and reporting into the program rather than treating compliance as a final review step.

For now, the initiative illustrates how organizations are linking technology decisions to concrete operating targets rather than treating modernization as an end in itself.",energy,oil and gas operations,other,industry_analysis,short,easy,synthetic_v4,label reflects the article's primary subject,104
V4-0171,Grid Modernization Is Reshaping Competitive Priorities,"Recent announcements around grid modernization reveal a market that is expanding but not yet standardized.

Workforce constraints are another concern. Companies need technical specialists as well as operational employees who understand how the new capability affects day-to-day decisions.

Regulatory requirements and data-governance expectations are influencing project design. Teams are building auditability and reporting into the program rather than treating compliance as a final review step.

The initiative includes phased deployment, new vendor contracts, staff training, and a revised measurement framework. Leaders said they will review grid reliability monthly and adjust spending when early results differ from the original forecast.

Several organizations have adopted a pilot-first approach. They are limiting the initial scope, documenting operating assumptions, and expanding only after teams demonstrate that the new process can be supported at scale.

Executives are also paying attention to supplier concentration and contract flexibility. A technically successful deployment may still create long-term risk when switching costs are high or critical components come from a narrow group of vendors.

Stakeholders will compare results across regions and customer groups. The evaluation will consider grid reliability, implementation speed, service consistency, and whether the program can operate without continued executive intervention.

For now, the initiative illustrates how organizations are linking technology decisions to concrete operating targets rather than treating modernization as an end in itself.",energy,grid modernization,other,market_commentary,long,easy,synthetic_v4,label reflects the article's primary subject,218
V4-0031,Market Outlook for Network Modernization Remains Constructive,"Investment in network modernization is rising, but the business case depends heavily on execution discipline and the ability to track subscriber growth.

The initiative includes phased deployment, new vendor contracts, staff training, and a revised measurement framework. Leaders said they will review subscriber growth monthly and adjust spending when early results differ from the original forecast.

The economics remain closely watched. Upfront investment can be significant, while benefits often emerge through a combination of lower operating expense, better capacity use, and improved customer experience.

The project also uses consumer electronics, but that technology serves as supporting infrastructure rather than the article's main subject.

For now, the initiative illustrates how organizations are linking technology decisions to concrete operating targets rather than treating modernization as an end in itself.",telecommunications,network modernization,target,industry_analysis,short,medium,synthetic_v4,label reflects the article's primary subject,127
V4-0058,Why Ai Infrastructure Is Moving Beyond Pilot Projects,"Industry specialists say AI infrastructure is becoming more important as organizations try to improve deployment frequency without adding unnecessary complexity.

The initiative includes phased deployment, new vendor contracts, staff training, and a revised measurement framework. Leaders said they will review deployment frequency monthly and adjust spending when early results differ from the original forecast.

""The pilot gave us enough evidence to proceed, but it also showed where the original assumptions were too optimistic,"" said Daniel Brooks, a fictional program leader.

Executives are also paying attention to supplier concentration and contract flexibility. A technically successful deployment may still create long-term risk when switching costs are high or critical components come from a narrow group of vendors.

Several organizations have adopted a pilot-first approach. They are limiting the initial scope, documenting operating assumptions, and expanding only after teams demonstrate that the new process can be supported at scale.

Regulatory requirements and data-governance expectations are influencing project design. Teams are building auditability and reporting into the program rather than treating compliance as a final review step.

Workforce constraints are another concern. Companies need technical specialists as well as operational employees who understand how the new capability affects day-to-day decisions.

The company referenced cybersecurity as one dependency among several; the central discussion remains cloud computing.

Stakeholders will compare results across regions and customer groups. The evaluation will consider deployment frequency, implementation speed, service consistency, and whether the program can operate without continued executive intervention.

The broader market is likely to watch the rollout for evidence that the approach can work outside a controlled pilot environment.",cloud_computing,AI infrastructure,target,trade_publication,long,medium,synthetic_v4,label reflects the article's primary subject,261
V4-0164,Pioneer Health Network Announces Multi-Year Hospital Operations Investment,"Pioneer Health Network announced that it is expanding its work in hospital operations after internal trials showed measurable gains in treatment outcomes.

The initiative includes phased deployment, new vendor contracts, staff training, and a revised measurement framework. Leaders said they will review treatment outcomes monthly and adjust spending when early results differ from the original forecast.

""The pilot gave us enough evidence to proceed, but it also showed where the original assumptions were too optimistic,"" said Luis Ortega, a fictional program leader.

Workforce constraints are another concern. Companies need technical specialists as well as operational employees who understand how the new capability affects day-to-day decisions.

The next phase will test whether the organization can preserve the early gains as deployment expands across more locations and business units.",healthcare,hospital operations,other,company_announcement,short,easy,synthetic_v4,label reflects the article's primary subject,127
V4-0131,Smartphones Is Reshaping Competitive Priorities,"Recent announcements around smartphones reveal a market that is expanding but not yet standardized.

Several organizations have adopted a pilot-first approach. They are limiting the initial scope, documenting operating assumptions, and expanding only after teams demonstrate that the new process can be supported at scale.

Regulatory requirements and data-governance expectations are influencing project design. Teams are building auditability and reporting into the program rather than treating compliance as a final review step.

Workforce constraints are another concern. Companies need technical specialists as well as operational employees who understand how the new capability affects day-to-day decisions.

The initiative includes phased deployment, new vendor contracts, staff training, and a revised measurement framework. Leaders said they will review retail demand monthly and adjust spending when early results differ from the original forecast.

The economics remain closely watched. Upfront investment can be significant, while benefits often emerge through a combination of lower operating expense, better capacity use, and improved customer experience.

Stakeholders will compare results across regions and customer groups. The evaluation will consider retail demand, implementation speed, service consistency, and whether the program can operate without continued executive intervention.

The next phase will test whether the organization can preserve the early gains as deployment expands across more locations and business units.",consumer_electronics,smartphones,other,market_commentary,long,easy,synthetic_v4,label reflects the article's primary subject,208
V4-0038,Hybrid Cloud Is Reshaping Competitive Priorities,"Customer expectations are reshaping the economics of hybrid cloud, particularly for providers that compete on workload portability.

Executives are also paying attention to supplier concentration and contract flexibility. A technically successful deployment may still create long-term risk when switching costs are high or critical components come from a narrow group of vendors.

The initiative includes phased deployment, new vendor contracts, staff training, and a revised measurement framework. Leaders said they will review workload portability monthly and adjust spending when early results differ from the original forecast.

Several organizations have adopted a pilot-first approach. They are limiting the initial scope, documenting operating assumptions, and expanding only after teams demonstrate that the new process can be supported at scale.

Although enterprise software appears in the implementation plan, the business decision being examined is primarily about cloud computing.

Analysts said the program's credibility will depend on transparent reporting and consistent performance after the initial launch period.",cloud_computing,hybrid cloud,target,market_commentary,medium,medium,synthetic_v4,label reflects the article's primary subject,153
V4-0016,Fiber Broadband Spending Rises as Execution Risks Persist,"Analysts expect fiber broadband adoption to continue, driven by pressure to improve subscriber growth and respond faster to changing demand.

Regulatory requirements and data-governance expectations are influencing project design. Teams are building auditability and reporting into the program rather than treating compliance as a final review step.

The economics remain closely watched. Upfront investment can be significant, while benefits often emerge through a combination of lower operating expense, better capacity use, and improved customer experience.

The project also uses cybersecurity, but that technology serves as supporting infrastructure rather than the article's main subject.

Analysts said the program's credibility will depend on transparent reporting and consistent performance after the initial launch period.",telecommunications,fiber broadband,target,industry_analysis,short,medium,synthetic_v4,label reflects the article's primary subject,111
V4-0172,A Practical Guide to Electric Vehicle Charging,"Electric Vehicle Charging combines several technical and operational components that are often discussed as a single capability.

Executives are also paying attention to supplier concentration and contract flexibility. A technically successful deployment may still create long-term risk when switching costs are high or critical components come from a narrow group of vendors.

Regulatory requirements and data-governance expectations are influencing project design. Teams are building auditability and reporting into the program rather than treating compliance as a final review step.

The initiative includes phased deployment, new vendor contracts, staff training, and a revised measurement framework. Leaders said they will review grid reliability monthly and adjust spending when early results differ from the original forecast.

Several organizations have adopted a pilot-first approach. They are limiting the initial scope, documenting operating assumptions, and expanding only after teams demonstrate that the new process can be supported at scale.

The economics remain closely watched. Upfront investment can be significant, while benefits often emerge through a combination of lower operating expense, better capacity use, and improved customer experience.

Although telecommunications appears in the implementation plan, the business decision being examined is primarily about energy.

Teams involved in the program discussed cloud platforms, security controls, data integration, and network connectivity in the same planning sessions. Those references could make the article appear cross-sector at a glance, but the spending decision, success metrics, and operational ownership all belong to energy.

Stakeholders will compare results across regions and customer groups. The evaluation will consider grid reliability, implementation speed, service consistency, and whether the program can operate without continued executive intervention.

The broader market is likely to watch the rollout for evidence that the approach can work outside a controlled pilot environment.",energy,electric vehicle charging,other,technology_explainer,long,hard,synthetic_v4,label reflects the article's primary subject,282
V4-0089,Operators Rethink the Economics of Cloud Security,"Industry specialists say cloud security is becoming more important as organizations try to improve detection time without adding unnecessary complexity.

Regulatory requirements and data-governance expectations are influencing project design. Teams are building auditability and reporting into the program rather than treating compliance as a final review step.

""The difficult part is not approving the technology budget; it is changing operating habits,"" said Daniel Brooks, a fictional industry adviser involved in the project.

Executives are also paying attention to supplier concentration and contract flexibility. A technically successful deployment may still create long-term risk when switching costs are high or critical components come from a narrow group of vendors.

Several organizations have adopted a pilot-first approach. They are limiting the initial scope, documenting operating assumptions, and expanding only after teams demonstrate that the new process can be supported at scale.

Although telecommunications appears in the implementation plan, the business decision being examined is primarily about cybersecurity.

Analysts said the program's credibility will depend on transparent reporting and consistent performance after the initial launch period.",cybersecurity,cloud security,other,trade_publication,medium,medium,synthetic_v4,label reflects the article's primary subject,172
V4-0093,Identity Security Is Reshaping Competitive Priorities,"The debate over identity security has shifted from whether organizations should invest to how quickly they can produce measurable results.

Executives are also paying attention to supplier concentration and contract flexibility. A technically successful deployment may still create long-term risk when switching costs are high or critical components come from a narrow group of vendors.

The economics remain closely watched. Upfront investment can be significant, while benefits often emerge through a combination of lower operating expense, better capacity use, and improved customer experience.

The initiative includes phased deployment, new vendor contracts, staff training, and a revised measurement framework. Leaders said they will review incident volume monthly and adjust spending when early results differ from the original forecast.

Analysts said the program's credibility will depend on transparent reporting and consistent performance after the initial launch period.",cybersecurity,identity security,other,market_commentary,medium,easy,synthetic_v4,label reflects the article's primary subject,135
V4-0061,Inside the Architecture of Cloud Migration,"Understanding cloud migration requires separating the underlying architecture from the business processes used to operate it.

The economics remain closely watched. Upfront investment can be significant, while benefits often emerge through a combination of lower operating expense, better capacity use, and improved customer experience.

Regulatory requirements and data-governance expectations are influencing project design. Teams are building auditability and reporting into the program rather than treating compliance as a final review step.

Analysts said the program's credibility will depend on transparent reporting and consistent performance after the initial launch period.",cloud_computing,cloud migration,target,technology_explainer,short,easy,synthetic_v4,label reflects the article's primary subject,89
V4-0128,Why Display Technology Is Moving Beyond Pilot Projects,"A growing number of operators are reconsidering how they approach display technology, particularly as screen brightness becomes a board-level concern.

Workforce constraints are another concern. Companies need technical specialists as well as operational employees who understand how the new capability affects day-to-day decisions.

""The pilot gave us enough evidence to proceed, but it also showed where the original assumptions were too optimistic,"" said Nora Ibrahim, a fictional program leader.

The economics remain closely watched. Upfront investment can be significant, while benefits often emerge through a combination of lower operating expense, better capacity use, and improved customer experience.

Some teams described links to telecommunications, yet the reported outcomes and investment rationale are centered on consumer electronics.

Teams involved in the program discussed cloud platforms, security controls, data integration, and network connectivity in the same planning sessions. Those references could make the article appear cross-sector at a glance, but the spending decision, success metrics, and operational ownership all belong to consumer electronics.

For now, the initiative illustrates how organizations are linking technology decisions to concrete operating targets rather than treating modernization as an end in itself.",consumer_electronics,display technology,other,trade_publication,short,hard,synthetic_v4,label reflects the article's primary subject,184
V4-0026,A Practical Guide to Private Wireless,"At a practical level, private wireless changes how organizations provision capacity, manage reliability, and measure capital intensity.

Several organizations have adopted a pilot-first approach. They are limiting the initial scope, documenting operating assumptions, and expanding only after teams demonstrate that the new process can be supported at scale.

Workforce constraints are another concern. Companies need technical specialists as well as operational employees who understand how the new capability affects day-to-day decisions.

Executives are also paying attention to supplier concentration and contract flexibility. A technically successful deployment may still create long-term risk when switching costs are high or critical components come from a narrow group of vendors.

The initiative includes phased deployment, new vendor contracts, staff training, and a revised measurement framework. Leaders said they will review capital intensity monthly and adjust spending when early results differ from the original forecast.

Regulatory requirements and data-governance expectations are influencing project design. Teams are building auditability and reporting into the program rather than treating compliance as a final review step.

The company referenced cybersecurity as one dependency among several; the central discussion remains telecommunications.

Stakeholders will compare results across regions and customer groups. The evaluation will consider capital intensity, implementation speed, service consistency, and whether the program can operate without continued executive intervention.

The next phase will test whether the organization can preserve the early gains as deployment expands across more locations and business units.",telecommunications,private wireless,target,technology_explainer,long,medium,synthetic_v4,label reflects the article's primary subject,232
V4-0186,A Practical Guide to Dynamic Pricing,"At a practical level, dynamic pricing changes how organizations provision capacity, manage reliability, and measure conversion rate.

The economics remain closely watched. Upfront investment can be significant, while benefits often emerge through a combination of lower operating expense, better capacity use, and improved customer experience.

Regulatory requirements and data-governance expectations are influencing project design. Teams are building auditability and reporting into the program rather than treating compliance as a final review step.

The broader market is likely to watch the rollout for evidence that the approach can work outside a controlled pilot environment.",retail_ecommerce,dynamic pricing,other,technology_explainer,short,easy,synthetic_v4,label reflects the article's primary subject,93
V4-0025,Market Outlook for Network Modernization Remains Constructive,"Analysts expect network modernization adoption to continue, driven by pressure to improve subscriber growth and respond faster to changing demand.

Executives are also paying attention to supplier concentration and contract flexibility. A technically successful deployment may still create long-term risk when switching costs are high or critical components come from a narrow group of vendors.

Regulatory requirements and data-governance expectations are influencing project design. Teams are building auditability and reporting into the program rather than treating compliance as a final review step.

Workforce constraints are another concern. Companies need technical specialists as well as operational employees who understand how the new capability affects day-to-day decisions.

The company referenced cybersecurity as one dependency among several; the central discussion remains telecommunications.

The broader market is likely to watch the rollout for evidence that the approach can work outside a controlled pilot environment.",telecommunications,network modernization,target,industry_analysis,medium,medium,synthetic_v4,label reflects the article's primary subject,140
V4-0078,Market Outlook for Identity Security Remains Constructive,"Investment in identity security is rising, but the business case depends heavily on execution discipline and the ability to track detection time.

The economics remain closely watched. Upfront investment can be significant, while benefits often emerge through a combination of lower operating expense, better capacity use, and improved customer experience.

Several organizations have adopted a pilot-first approach. They are limiting the initial scope, documenting operating assumptions, and expanding only after teams demonstrate that the new process can be supported at scale.

Workforce constraints are another concern. Companies need technical specialists as well as operational employees who understand how the new capability affects day-to-day decisions.

Although telecommunications appears in the implementation plan, the business decision being examined is primarily about cybersecurity.

Teams involved in the program discussed cloud platforms, security controls, data integration, and network connectivity in the same planning sessions. Those references could make the article appear cross-sector at a glance, but the spending decision, success metrics, and operational ownership all belong to cybersecurity.

Analysts said the program's credibility will depend on transparent reporting and consistent performance after the initial launch period.",cybersecurity,identity security,other,industry_analysis,medium,hard,synthetic_v4,label reflects the article's primary subject,182
V4-0015,BluePeak Wireless Launches New 5G Spectrum Initiative,"BluePeak Wireless introduced a new program focused on 5G spectrum, positioning the effort as part of a broader operational modernization plan.

The initiative includes phased deployment, new vendor contracts, staff training, and a revised measurement framework. Leaders said they will review coverage monthly and adjust spending when early results differ from the original forecast.

""The pilot gave us enough evidence to proceed, but it also showed where the original assumptions were too optimistic,"" said Ethan Cole, a fictional program leader.

Executives are also paying attention to supplier concentration and contract flexibility. A technically successful deployment may still create long-term risk when switching costs are high or critical components come from a narrow group of vendors.

Workforce constraints are another concern. Companies need technical specialists as well as operational employees who understand how the new capability affects day-to-day decisions.

The economics remain closely watched. Upfront investment can be significant, while benefits often emerge through a combination of lower operating expense, better capacity use, and improved customer experience.

Regulatory requirements and data-governance expectations are influencing project design. Teams are building auditability and reporting into the program rather than treating compliance as a final review step.

Some teams described links to cloud computing, yet the reported outcomes and investment rationale are centered on telecommunications.

Stakeholders will compare results across regions and customer groups. The evaluation will consider coverage, implementation speed, service consistency, and whether the program can operate without continued executive intervention.

The next phase will test whether the organization can preserve the early gains as deployment expands across more locations and business units.",telecommunications,5G spectrum,target,company_announcement,long,medium,synthetic_v4,label reflects the article's primary subject,261
V4-0086,A Practical Guide to Cloud Security,"Cloud Security combines several technical and operational components that are often discussed as a single capability.

Regulatory requirements and data-governance expectations are influencing project design. Teams are building auditability and reporting into the program rather than treating compliance as a final review step.

Workforce constraints are another concern. Companies need technical specialists as well as operational employees who understand how the new capability affects day-to-day decisions.

The economics remain closely watched. Upfront investment can be significant, while benefits often emerge through a combination of lower operating expense, better capacity use, and improved customer experience.

The project also uses financial services, but that technology serves as supporting infrastructure rather than the article's main subject.

For now, the initiative illustrates how organizations are linking technology decisions to concrete operating targets rather than treating modernization as an end in itself.",cybersecurity,cloud security,other,technology_explainer,medium,medium,synthetic_v4,label reflects the article's primary subject,137
V4-0096,Data Governance Investment Accelerates in Germany,"CoreLedger has begun a new data governance initiative in the Pacific Northwest after a year of pilot projects and supplier negotiations.

Workforce constraints are another concern. Companies need technical specialists as well as operational employees who understand how the new capability affects day-to-day decisions.

""The pilot gave us enough evidence to proceed, but it also showed where the original assumptions were too optimistic,"" said Hannah Weiss, a fictional program leader.

The initiative includes phased deployment, new vendor contracts, staff training, and a revised measurement framework. Leaders said they will review user adoption monthly and adjust spending when early results differ from the original forecast.

Several organizations have adopted a pilot-first approach. They are limiting the initial scope, documenting operating assumptions, and expanding only after teams demonstrate that the new process can be supported at scale.

For now, the initiative illustrates how organizations are linking technology decisions to concrete operating targets rather than treating modernization as an end in itself.",enterprise_software,data governance,other,wire_service,medium,easy,synthetic_v4,label reflects the article's primary subject,159
V4-0157,Northbridge Medical Extends Hospital Operations Program,"Northbridge Medical unveiled a multi-year investment in hospital operations intended to improve service for public health teams.

Executives are also paying attention to supplier concentration and contract flexibility. A technically successful deployment may still create long-term risk when switching costs are high or critical components come from a narrow group of vendors.

""We are measuring success in operational terms, not by the number of systems installed,"" said Marcus Lee, a fictional executive at Northbridge Medical.

The initiative includes phased deployment, new vendor contracts, staff training, and a revised measurement framework. Leaders said they will review treatment outcomes monthly and adjust spending when early results differ from the original forecast.

The broader market is likely to watch the rollout for evidence that the approach can work outside a controlled pilot environment.",healthcare,hospital operations,other,company_announcement,short,easy,synthetic_v4,label reflects the article's primary subject,130
V4-0138,Insurance Underwriting Is Reshaping Competitive Priorities,"The debate over insurance underwriting has shifted from whether organizations should invest to how quickly they can produce measurable results.

Executives are also paying attention to supplier concentration and contract flexibility. A technically successful deployment may still create long-term risk when switching costs are high or critical components come from a narrow group of vendors.

Workforce constraints are another concern. Companies need technical specialists as well as operational employees who understand how the new capability affects day-to-day decisions.

The economics remain closely watched. Upfront investment can be significant, while benefits often emerge through a combination of lower operating expense, better capacity use, and improved customer experience.

The next phase will test whether the organization can preserve the early gains as deployment expands across more locations and business units.",financial_services,insurance underwriting,other,market_commentary,medium,easy,synthetic_v4,label reflects the article's primary subject,128
V4-0072,Sentinel Harbor Plans Broader Application Security Rollout,"Sentinel Harbor said on Thursday that it will expand its application security program in the United Kingdom, citing stronger demand from security teams.

The initiative includes phased deployment, new vendor contracts, staff training, and a revised measurement framework. Leaders said they will review patch coverage monthly and adjust spending when early results differ from the original forecast.

""The pilot gave us enough evidence to proceed, but it also showed where the original assumptions were too optimistic,"" said Caleb Martin, a fictional program leader.

Executives are also paying attention to supplier concentration and contract flexibility. A technically successful deployment may still create long-term risk when switching costs are high or critical components come from a narrow group of vendors.

Regulatory requirements and data-governance expectations are influencing project design. Teams are building auditability and reporting into the program rather than treating compliance as a final review step.

Although cloud computing appears in the implementation plan, the business decision being examined is primarily about cybersecurity.

The broader market is likely to watch the rollout for evidence that the approach can work outside a controlled pilot environment.",cybersecurity,application security,other,wire_service,medium,medium,synthetic_v4,label reflects the article's primary subject,183
V4-0156,Meridian Diagnostics Expands Remote Patient Monitoring Program,"Organizations in Ontario are increasing investment in remote patient monitoring, with Meridian Diagnostics among the latest to announce a broader rollout.

The economics remain closely watched. Upfront investment can be significant, while benefits often emerge through a combination of lower operating expense, better capacity use, and improved customer experience.

""Customers notice reliability and service quality long before they notice the underlying technology,"" said Marcus Lee, a fictional market analyst.

Several organizations have adopted a pilot-first approach. They are limiting the initial scope, documenting operating assumptions, and expanding only after teams demonstrate that the new process can be supported at scale.

Executives are also paying attention to supplier concentration and contract flexibility. A technically successful deployment may still create long-term risk when switching costs are high or critical components come from a narrow group of vendors.

The next phase will test whether the organization can preserve the early gains as deployment expands across more locations and business units.",healthcare,remote patient monitoring,other,wire_service,medium,easy,synthetic_v4,label reflects the article's primary subject,157
V4-0034,Rural Broadband Is Reshaping Competitive Priorities,"Customer expectations are reshaping the economics of rural broadband, particularly for providers that compete on coverage.

Several organizations have adopted a pilot-first approach. They are limiting the initial scope, documenting operating assumptions, and expanding only after teams demonstrate that the new process can be supported at scale.

Workforce constraints are another concern. Companies need technical specialists as well as operational employees who understand how the new capability affects day-to-day decisions.

The next phase will test whether the organization can preserve the early gains as deployment expands across more locations and business units.",telecommunications,rural broadband,target,market_commentary,short,easy,synthetic_v4,label reflects the article's primary subject,92
V4-0014,The Business Case for Network Modernization Is Becoming More Nuanced,"Investment in network modernization is rising, but the business case depends heavily on execution discipline and the ability to track subscriber growth.

Several organizations have adopted a pilot-first approach. They are limiting the initial scope, documenting operating assumptions, and expanding only after teams demonstrate that the new process can be supported at scale.

Regulatory requirements and data-governance expectations are influencing project design. Teams are building auditability and reporting into the program rather than treating compliance as a final review step.

For now, the initiative illustrates how organizations are linking technology decisions to concrete operating targets rather than treating modernization as an end in itself.",telecommunications,network modernization,target,industry_analysis,short,easy,synthetic_v4,label reflects the article's primary subject,104
V4-0166,Market Outlook for Medical Devices Remains Constructive,"Analysts expect medical devices adoption to continue, driven by pressure to improve readmission rate and respond faster to changing demand.

The initiative includes phased deployment, new vendor contracts, staff training, and a revised measurement framework. Leaders said they will review readmission rate monthly and adjust spending when early results differ from the original forecast.

Executives are also paying attention to supplier concentration and contract flexibility. A technically successful deployment may still create long-term risk when switching costs are high or critical components come from a narrow group of vendors.

The economics remain closely watched. Upfront investment can be significant, while benefits often emerge through a combination of lower operating expense, better capacity use, and improved customer experience.

For now, the initiative illustrates how organizations are linking technology decisions to concrete operating targets rather than treating modernization as an end in itself.",healthcare,medical devices,other,industry_analysis,medium,easy,synthetic_v4,label reflects the article's primary subject,141
V4-0159,Meridian Diagnostics Expands Diagnostics Program,"Meridian Diagnostics said on Wednesday that it will expand its diagnostics program in the United Kingdom, citing stronger demand from caregivers.

The economics remain closely watched. Upfront investment can be significant, while benefits often emerge through a combination of lower operating expense, better capacity use, and improved customer experience.

""We are measuring success in operational terms, not by the number of systems installed,"" said Hannah Weiss, a fictional executive at Meridian Diagnostics.

Executives are also paying attention to supplier concentration and contract flexibility. A technically successful deployment may still create long-term risk when switching costs are high or critical components come from a narrow group of vendors.

The company referenced enterprise software as one dependency among several; the central discussion remains healthcare.

For now, the initiative illustrates how organizations are linking technology decisions to concrete operating targets rather than treating modernization as an end in itself.",healthcare,diagnostics,other,wire_service,short,medium,synthetic_v4,label reflects the article's primary subject,146
V4-0077,Critical Infrastructure Protection Investment Accelerates in the Pacific Northwest,"Redwood Defense Labs has begun a new critical infrastructure protection initiative in the Midwest after a year of pilot projects and supplier negotiations.

Workforce constraints are another concern. Companies need technical specialists as well as operational employees who understand how the new capability affects day-to-day decisions.

""The pilot gave us enough evidence to proceed, but it also showed where the original assumptions were too optimistic,"" said Nora Ibrahim, a fictional program leader.

Several organizations have adopted a pilot-first approach. They are limiting the initial scope, documenting operating assumptions, and expanding only after teams demonstrate that the new process can be supported at scale.

The next phase will test whether the organization can preserve the early gains as deployment expands across more locations and business units.",cybersecurity,critical infrastructure protection,other,wire_service,short,easy,synthetic_v4,label reflects the article's primary subject,125
V4-0124,Why Wearables Is Moving Beyond Pilot Projects,"The market for wearables is moving from experimentation toward routine deployment, although implementation practices remain uneven.

The initiative includes phased deployment, new vendor contracts, staff training, and a revised measurement framework. Leaders said they will review repairability monthly and adjust spending when early results differ from the original forecast.

""The difficult part is not approving the technology budget; it is changing operating habits,"" said Daniel Brooks, a fictional industry adviser involved in the project.

Executives are also paying attention to supplier concentration and contract flexibility. A technically successful deployment may still create long-term risk when switching costs are high or critical components come from a narrow group of vendors.

Workforce constraints are another concern. Companies need technical specialists as well as operational employees who understand how the new capability affects day-to-day decisions.

Regulatory requirements and data-governance expectations are influencing project design. Teams are building auditability and reporting into the program rather than treating compliance as a final review step.

The economics remain closely watched. Upfront investment can be significant, while benefits often emerge through a combination of lower operating expense, better capacity use, and improved customer experience.

Stakeholders will compare results across regions and customer groups. The evaluation will consider repairability, implementation speed, service consistency, and whether the program can operate without continued executive intervention.

For now, the initiative illustrates how organizations are linking technology decisions to concrete operating targets rather than treating modernization as an end in itself.",consumer_electronics,wearables,other,trade_publication,long,easy,synthetic_v4,label reflects the article's primary subject,239
V4-0098,Operators Rethink the Economics of Data Governance,"The market for data governance is moving from experimentation toward routine deployment, although implementation practices remain uneven.

Workforce constraints are another concern. Companies need technical specialists as well as operational employees who understand how the new capability affects day-to-day decisions.

""The pilot gave us enough evidence to proceed, but it also showed where the original assumptions were too optimistic,"" said Sofia Patel, a fictional program leader.

The initiative includes phased deployment, new vendor contracts, staff training, and a revised measurement framework. Leaders said they will review forecast accuracy monthly and adjust spending when early results differ from the original forecast.

For now, the initiative illustrates how organizations are linking technology decisions to concrete operating targets rather than treating modernization as an end in itself.",enterprise_software,data governance,other,trade_publication,short,easy,synthetic_v4,label reflects the article's primary subject,124
V4-0092,Ransomware Defense Investment Accelerates in California,"ClearShield has begun a new ransomware defense initiative in Texas after a year of pilot projects and supplier negotiations.

Regulatory requirements and data-governance expectations are influencing project design. Teams are building auditability and reporting into the program rather than treating compliance as a final review step.

""We are measuring success in operational terms, not by the number of systems installed,"" said Marcus Lee, a fictional executive at ClearShield.

The initiative includes phased deployment, new vendor contracts, staff training, and a revised measurement framework. Leaders said they will review patch coverage monthly and adjust spending when early results differ from the original forecast.

Several organizations have adopted a pilot-first approach. They are limiting the initial scope, documenting operating assumptions, and expanding only after teams demonstrate that the new process can be supported at scale.

For now, the initiative illustrates how organizations are linking technology decisions to concrete operating targets rather than treating modernization as an end in itself.",cybersecurity,ransomware defense,other,wire_service,medium,easy,synthetic_v4,label reflects the article's primary subject,157
V4-0013,Market Outlook for Rural Broadband Remains Constructive,"Analysts expect rural broadband adoption to continue, driven by pressure to improve installation speed and respond faster to changing demand.

Several organizations have adopted a pilot-first approach. They are limiting the initial scope, documenting operating assumptions, and expanding only after teams demonstrate that the new process can be supported at scale.

The initiative includes phased deployment, new vendor contracts, staff training, and a revised measurement framework. Leaders said they will review installation speed monthly and adjust spending when early results differ from the original forecast.

Workforce constraints are another concern. Companies need technical specialists as well as operational employees who understand how the new capability affects day-to-day decisions.

Executives are also paying attention to supplier concentration and contract flexibility. A technically successful deployment may still create long-term risk when switching costs are high or critical components come from a narrow group of vendors.

Regulatory requirements and data-governance expectations are influencing project design. Teams are building auditability and reporting into the program rather than treating compliance as a final review step.

Some teams described links to cybersecurity, yet the reported outcomes and investment rationale are centered on telecommunications.

Stakeholders will compare results across regions and customer groups. The evaluation will consider installation speed, implementation speed, service consistency, and whether the program can operate without continued executive intervention.

The next phase will test whether the organization can preserve the early gains as deployment expands across more locations and business units.",telecommunications,rural broadband,target,industry_analysis,long,medium,synthetic_v4,label reflects the article's primary subject,238
V4-0095,Ransomware Defense Spending Rises as Execution Risks Persist,"Analysts expect ransomware defense adoption to continue, driven by pressure to improve recovery time and respond faster to changing demand.

Executives are also paying attention to supplier concentration and contract flexibility. A technically successful deployment may still create long-term risk when switching costs are high or critical components come from a narrow group of vendors.

The economics remain closely watched. Upfront investment can be significant, while benefits often emerge through a combination of lower operating expense, better capacity use, and improved customer experience.

Several organizations have adopted a pilot-first approach. They are limiting the initial scope, documenting operating assumptions, and expanding only after teams demonstrate that the new process can be supported at scale.

Although cloud computing appears in the implementation plan, the business decision being examined is primarily about cybersecurity.

Analysts said the program's credibility will depend on transparent reporting and consistent performance after the initial launch period.",cybersecurity,ransomware defense,other,industry_analysis,medium,medium,synthetic_v4,label reflects the article's primary subject,149
V4-0068,How Kubernetes Works in Practice,"Understanding Kubernetes requires separating the underlying architecture from the business processes used to operate it.

The economics remain closely watched. Upfront investment can be significant, while benefits often emerge through a combination of lower operating expense, better capacity use, and improved customer experience.

Workforce constraints are another concern. Companies need technical specialists as well as operational employees who understand how the new capability affects day-to-day decisions.

Regulatory requirements and data-governance expectations are influencing project design. Teams are building auditability and reporting into the program rather than treating compliance as a final review step.

Several organizations have adopted a pilot-first approach. They are limiting the initial scope, documenting operating assumptions, and expanding only after teams demonstrate that the new process can be supported at scale.

The initiative includes phased deployment, new vendor contracts, staff training, and a revised measurement framework. Leaders said they will review workload portability monthly and adjust spending when early results differ from the original forecast.

Stakeholders will compare results across regions and customer groups. The evaluation will consider workload portability, implementation speed, service consistency, and whether the program can operate without continued executive intervention.

The broader market is likely to watch the rollout for evidence that the approach can work outside a controlled pilot environment.",cloud_computing,Kubernetes,target,technology_explainer,long,easy,synthetic_v4,label reflects the article's primary subject,208
V4-0083,Critical Infrastructure Protection Investment Accelerates in California,"Organizations in Australia are increasing investment in critical infrastructure protection, with TrustLayer among the latest to announce a broader rollout.

Workforce constraints are another concern. Companies need technical specialists as well as operational employees who understand how the new capability affects day-to-day decisions.

""The difficult part is not approving the technology budget; it is changing operating habits,"" said Marcus Lee, a fictional industry adviser involved in the project.

Regulatory requirements and data-governance expectations are influencing project design. Teams are building auditability and reporting into the program rather than treating compliance as a final review step.

Executives are also paying attention to supplier concentration and contract flexibility. A technically successful deployment may still create long-term risk when switching costs are high or critical components come from a narrow group of vendors.

The economics remain closely watched. Upfront investment can be significant, while benefits often emerge through a combination of lower operating expense, better capacity use, and improved customer experience.

Several organizations have adopted a pilot-first approach. They are limiting the initial scope, documenting operating assumptions, and expanding only after teams demonstrate that the new process can be supported at scale.

Stakeholders will compare results across regions and customer groups. The evaluation will consider false-positive rate, implementation speed, service consistency, and whether the program can operate without continued executive intervention.

For now, the initiative illustrates how organizations are linking technology decisions to concrete operating targets rather than treating modernization as an end in itself.",cybersecurity,critical infrastructure protection,other,wire_service,long,easy,synthetic_v4,label reflects the article's primary subject,242
V4-0057,The Market Debate Around Kubernetes Has Changed,"The debate over Kubernetes has shifted from whether organizations should invest to how quickly they can produce measurable results.

Workforce constraints are another concern. Companies need technical specialists as well as operational employees who understand how the new capability affects day-to-day decisions.

Executives are also paying attention to supplier concentration and contract flexibility. A technically successful deployment may still create long-term risk when switching costs are high or critical components come from a narrow group of vendors.

The economics remain closely watched. Upfront investment can be significant, while benefits often emerge through a combination of lower operating expense, better capacity use, and improved customer experience.

The project also uses cybersecurity, but that technology serves as supporting infrastructure rather than the article's main subject.

Teams involved in the program discussed cloud platforms, security controls, data integration, and network connectivity in the same planning sessions. Those references could make the article appear cross-sector at a glance, but the spending decision, success metrics, and operational ownership all belong to cloud computing.

The next phase will test whether the organization can preserve the early gains as deployment expands across more locations and business units.",cloud_computing,Kubernetes,target,market_commentary,medium,hard,synthetic_v4,label reflects the article's primary subject,190
V4-0162,Operators Rethink the Economics of Clinical Trials,"The market for clinical trials is moving from experimentation toward routine deployment, although implementation practices remain uneven.

Several organizations have adopted a pilot-first approach. They are limiting the initial scope, documenting operating assumptions, and expanding only after teams demonstrate that the new process can be supported at scale.

""The pilot gave us enough evidence to proceed, but it also showed where the original assumptions were too optimistic,"" said Marcus Lee, a fictional program leader.

Workforce constraints are another concern. Companies need technical specialists as well as operational employees who understand how the new capability affects day-to-day decisions.

Analysts said the program's credibility will depend on transparent reporting and consistent performance after the initial launch period.",healthcare,clinical trials,other,trade_publication,short,easy,synthetic_v4,label reflects the article's primary subject,115
V4-0183,Operators Rethink the Economics of Digital Merchandising,"The market for digital merchandising is moving from experimentation toward routine deployment, although implementation practices remain uneven.

The initiative includes phased deployment, new vendor contracts, staff training, and a revised measurement framework. Leaders said they will review return rate monthly and adjust spending when early results differ from the original forecast.

""The difficult part is not approving the technology budget; it is changing operating habits,"" said Daniel Brooks, a fictional industry adviser involved in the project.

Workforce constraints are another concern. Companies need technical specialists as well as operational employees who understand how the new capability affects day-to-day decisions.

Several organizations have adopted a pilot-first approach. They are limiting the initial scope, documenting operating assumptions, and expanding only after teams demonstrate that the new process can be supported at scale.

Some teams described links to cloud computing, yet the reported outcomes and investment rationale are centered on retail and ecommerce.

The broader market is likely to watch the rollout for evidence that the approach can work outside a controlled pilot environment.",retail_ecommerce,digital merchandising,other,trade_publication,medium,medium,synthetic_v4,label reflects the article's primary subject,171
V4-0112,The Market Debate Around Crm Platforms Has Changed,"Recent announcements around CRM platforms reveal a market that is expanding but not yet standardized.

Several organizations have adopted a pilot-first approach. They are limiting the initial scope, documenting operating assumptions, and expanding only after teams demonstrate that the new process can be supported at scale.

The initiative includes phased deployment, new vendor contracts, staff training, and a revised measurement framework. Leaders said they will review forecast accuracy monthly and adjust spending when early results differ from the original forecast.

Executives are also paying attention to supplier concentration and contract flexibility. A technically successful deployment may still create long-term risk when switching costs are high or critical components come from a narrow group of vendors.

The broader market is likely to watch the rollout for evidence that the approach can work outside a controlled pilot environment.",enterprise_software,CRM platforms,other,market_commentary,medium,easy,synthetic_v4,label reflects the article's primary subject,136
V4-0149,Operators Rethink the Economics of Capital Markets,"Industry specialists say capital markets is becoming more important as organizations try to improve delinquency rate without adding unnecessary complexity.

Several organizations have adopted a pilot-first approach. They are limiting the initial scope, documenting operating assumptions, and expanding only after teams demonstrate that the new process can be supported at scale.

""We are measuring success in operational terms, not by the number of systems installed,"" said Hannah Weiss, a fictional executive at Mariner Investments.

The initiative includes phased deployment, new vendor contracts, staff training, and a revised measurement framework. Leaders said they will review delinquency rate monthly and adjust spending when early results differ from the original forecast.

Executives are also paying attention to supplier concentration and contract flexibility. A technically successful deployment may still create long-term risk when switching costs are high or critical components come from a narrow group of vendors.

The project also uses cloud computing, but that technology serves as supporting infrastructure rather than the article's main subject.

For now, the initiative illustrates how organizations are linking technology decisions to concrete operating targets rather than treating modernization as an end in itself.",financial_services,capital markets,other,trade_publication,medium,medium,synthetic_v4,label reflects the article's primary subject,186
V4-0116,Pinecone Labs Plans Broader Wearables Rollout,"Pinecone Labs said on Thursday that it will expand its wearables program in Southeast Asia, citing stronger demand from gamers.

Several organizations have adopted a pilot-first approach. They are limiting the initial scope, documenting operating assumptions, and expanding only after teams demonstrate that the new process can be supported at scale.

""The pilot gave us enough evidence to proceed, but it also showed where the original assumptions were too optimistic,"" said Ethan Cole, a fictional program leader.

The initiative includes phased deployment, new vendor contracts, staff training, and a revised measurement framework. Leaders said they will review retail demand monthly and adjust spending when early results differ from the original forecast.

Executives are also paying attention to supplier concentration and contract flexibility. A technically successful deployment may still create long-term risk when switching costs are high or critical components come from a narrow group of vendors.

The next phase will test whether the organization can preserve the early gains as deployment expands across more locations and business units.",consumer_electronics,wearables,other,wire_service,medium,easy,synthetic_v4,label reflects the article's primary subject,168
V4-0129,Gaming Hardware Investment Accelerates in the Pacific Northwest,"NovaSound has begun a new gaming hardware initiative in Northern Europe after a year of pilot projects and supplier negotiations.

The initiative includes phased deployment, new vendor contracts, staff training, and a revised measurement framework. Leaders said they will review repairability monthly and adjust spending when early results differ from the original forecast.

""The difficult part is not approving the technology budget; it is changing operating habits,"" said Maya Chen, a fictional industry adviser involved in the project.

Regulatory requirements and data-governance expectations are influencing project design. Teams are building auditability and reporting into the program rather than treating compliance as a final review step.

Several organizations have adopted a pilot-first approach. They are limiting the initial scope, documenting operating assumptions, and expanding only after teams demonstrate that the new process can be supported at scale.

The economics remain closely watched. Upfront investment can be significant, while benefits often emerge through a combination of lower operating expense, better capacity use, and improved customer experience.

Executives are also paying attention to supplier concentration and contract flexibility. A technically successful deployment may still create long-term risk when switching costs are high or critical components come from a narrow group of vendors.

Stakeholders will compare results across regions and customer groups. The evaluation will consider repairability, implementation speed, service consistency, and whether the program can operate without continued executive intervention.

Analysts said the program's credibility will depend on transparent reporting and consistent performance after the initial launch period.",consumer_electronics,gaming hardware,other,wire_service,long,easy,synthetic_v4,label reflects the article's primary subject,245
V4-0189,A Practical Guide to Inventory Planning,"At a practical level, inventory planning changes how organizations provision capacity, manage reliability, and measure customer retention.

The economics remain closely watched. Upfront investment can be significant, while benefits often emerge through a combination of lower operating expense, better capacity use, and improved customer experience.

Executives are also paying attention to supplier concentration and contract flexibility. A technically successful deployment may still create long-term risk when switching costs are high or critical components come from a narrow group of vendors.

The project also uses transportation and logistics, but that technology serves as supporting infrastructure rather than the article's main subject.

Teams involved in the program discussed cloud platforms, security controls, data integration, and network connectivity in the same planning sessions. Those references could make the article appear cross-sector at a glance, but the spending decision, success metrics, and operational ownership all belong to retail and ecommerce.

The next phase will test whether the organization can preserve the early gains as deployment expands across more locations and business units.",retail_ecommerce,inventory planning,other,technology_explainer,short,hard,synthetic_v4,label reflects the article's primary subject,168
V4-0173,Market Outlook for Oil And Gas Operations Remains Constructive,"The outlook for oil and gas operations remains favorable, although organizations face trade-offs involving cost, regulation, and workforce readiness.

The initiative includes phased deployment, new vendor contracts, staff training, and a revised measurement framework. Leaders said they will review operating cost monthly and adjust spending when early results differ from the original forecast.

The economics remain closely watched. Upfront investment can be significant, while benefits often emerge through a combination of lower operating expense, better capacity use, and improved customer experience.

Workforce constraints are another concern. Companies need technical specialists as well as operational employees who understand how the new capability affects day-to-day decisions.

The project also uses telecommunications, but that technology serves as supporting infrastructure rather than the article's main subject.

Teams involved in the program discussed cloud platforms, security controls, data integration, and network connectivity in the same planning sessions. Those references could make the article appear cross-sector at a glance, but the spending decision, success metrics, and operational ownership all belong to energy.

The broader market is likely to watch the rollout for evidence that the approach can work outside a controlled pilot environment.",energy,oil and gas operations,other,industry_analysis,medium,hard,synthetic_v4,label reflects the article's primary subject,187
V4-0141,How Credit Risk Works in Practice,"Understanding credit risk requires separating the underlying architecture from the business processes used to operate it.

The economics remain closely watched. Upfront investment can be significant, while benefits often emerge through a combination of lower operating expense, better capacity use, and improved customer experience.

Several organizations have adopted a pilot-first approach. They are limiting the initial scope, documenting operating assumptions, and expanding only after teams demonstrate that the new process can be supported at scale.

Executives are also paying attention to supplier concentration and contract flexibility. A technically successful deployment may still create long-term risk when switching costs are high or critical components come from a narrow group of vendors.

Although cloud computing appears in the implementation plan, the business decision being examined is primarily about financial services.

Analysts said the program's credibility will depend on transparent reporting and consistent performance after the initial launch period.",financial_services,credit risk,other,technology_explainer,medium,medium,synthetic_v4,label reflects the article's primary subject,146
V4-0198,VectorFleet Extends Ocean Shipping Program,"VectorFleet unveiled a multi-year investment in ocean shipping intended to improve service for retailers.

Regulatory requirements and data-governance expectations are influencing project design. Teams are building auditability and reporting into the program rather than treating compliance as a final review step.

""The difficult part is not approving the technology budget; it is changing operating habits,"" said Nora Ibrahim, a fictional industry adviser involved in the project.

Workforce constraints are another concern. Companies need technical specialists as well as operational employees who understand how the new capability affects day-to-day decisions.

Several organizations have adopted a pilot-first approach. They are limiting the initial scope, documenting operating assumptions, and expanding only after teams demonstrate that the new process can be supported at scale.

The economics remain closely watched. Upfront investment can be significant, while benefits often emerge through a combination of lower operating expense, better capacity use, and improved customer experience.

The initiative includes phased deployment, new vendor contracts, staff training, and a revised measurement framework. Leaders said they will review on-time delivery monthly and adjust spending when early results differ from the original forecast.

The company referenced retail and e-commerce as one dependency among several; the central discussion remains transportation logistics.

Teams involved in the program discussed cloud platforms, security controls, data integration, and network connectivity in the same planning sessions. Those references could make the article appear cross-sector at a glance, but the spending decision, success metrics, and operational ownership all belong to transportation logistics.

Stakeholders will compare results across regions and customer groups. The evaluation will consider on-time delivery, implementation speed, service consistency, and whether the program can operate without continued executive intervention.

The next phase will test whether the organization can preserve the early gains as deployment expands across more locations and business units.",transportation_logistics,ocean shipping,other,company_announcement,long,hard,synthetic_v4,label reflects the article's primary subject,295
V4-0079,Security Operations Investment Accelerates in Singapore,"BlackPeak Cyber said on Monday that it will expand its security operations program in Japan, citing stronger demand from software vendors.

Several organizations have adopted a pilot-first approach. They are limiting the initial scope, documenting operating assumptions, and expanding only after teams demonstrate that the new process can be supported at scale.

""The difficult part is not approving the technology budget; it is changing operating habits,"" said Caleb Martin, a fictional industry adviser involved in the project.

The initiative includes phased deployment, new vendor contracts, staff training, and a revised measurement framework. Leaders said they will review recovery time monthly and adjust spending when early results differ from the original forecast.

Although cloud computing appears in the implementation plan, the business decision being examined is primarily about cybersecurity.

Analysts said the program's credibility will depend on transparent reporting and consistent performance after the initial launch period.",cybersecurity,security operations,other,wire_service,short,medium,synthetic_v4,label reflects the article's primary subject,146
V4-0046,A Practical Guide to Cloud Migration,"At a practical level, cloud migration changes how organizations provision capacity, manage reliability, and measure service reliability.

The economics remain closely watched. Upfront investment can be significant, while benefits often emerge through a combination of lower operating expense, better capacity use, and improved customer experience.

The initiative includes phased deployment, new vendor contracts, staff training, and a revised measurement framework. Leaders said they will review service reliability monthly and adjust spending when early results differ from the original forecast.

Workforce constraints are another concern. Companies need technical specialists as well as operational employees who understand how the new capability affects day-to-day decisions.

Although telecommunications appears in the implementation plan, the business decision being examined is primarily about cloud computing.

Teams involved in the program discussed cloud platforms, security controls, data integration, and network connectivity in the same planning sessions. Those references could make the article appear cross-sector at a glance, but the spending decision, success metrics, and operational ownership all belong to cloud computing.

Analysts said the program's credibility will depend on transparent reporting and consistent performance after the initial launch period.",cloud_computing,cloud migration,target,technology_explainer,medium,hard,synthetic_v4,label reflects the article's primary subject,182
V4-0120,Luma Devices Extends Camera Systems Program,"Luma Devices announced that it is expanding its work in camera systems after internal trials showed measurable gains in screen brightness.

The initiative includes phased deployment, new vendor contracts, staff training, and a revised measurement framework. Leaders said they will review screen brightness monthly and adjust spending when early results differ from the original forecast.

""We are measuring success in operational terms, not by the number of systems installed,"" said Marcus Lee, a fictional executive at Luma Devices.

Several organizations have adopted a pilot-first approach. They are limiting the initial scope, documenting operating assumptions, and expanding only after teams demonstrate that the new process can be supported at scale.

The broader market is likely to watch the rollout for evidence that the approach can work outside a controlled pilot environment.",consumer_electronics,camera systems,other,company_announcement,short,easy,synthetic_v4,label reflects the article's primary subject,130
V4-0035,How Satellite Connectivity Works in Practice,"At a practical level, satellite connectivity changes how organizations provision capacity, manage reliability, and measure network availability.

Regulatory requirements and data-governance expectations are influencing project design. Teams are building auditability and reporting into the program rather than treating compliance as a final review step.

Several organizations have adopted a pilot-first approach. They are limiting the initial scope, documenting operating assumptions, and expanding only after teams demonstrate that the new process can be supported at scale.

Workforce constraints are another concern. Companies need technical specialists as well as operational employees who understand how the new capability affects day-to-day decisions.

The initiative includes phased deployment, new vendor contracts, staff training, and a revised measurement framework. Leaders said they will review network availability monthly and adjust spending when early results differ from the original forecast.

Executives are also paying attention to supplier concentration and contract flexibility. A technically successful deployment may still create long-term risk when switching costs are high or critical components come from a narrow group of vendors.

The project also uses cybersecurity, but that technology serves as supporting infrastructure rather than the article's main subject.

Teams involved in the program discussed cloud platforms, security controls, data integration, and network connectivity in the same planning sessions. Those references could make the article appear cross-sector at a glance, but the spending decision, success metrics, and operational ownership all belong to telecommunications.

Stakeholders will compare results across regions and customer groups. The evaluation will consider network availability, implementation speed, service consistency, and whether the program can operate without continued executive intervention.

Analysts said the program's credibility will depend on transparent reporting and consistent performance after the initial launch period.",telecommunications,satellite connectivity,target,technology_explainer,long,hard,synthetic_v4,label reflects the article's primary subject,276
V4-0127,How Personal Audio Works in Practice,"At a practical level, personal audio changes how organizations provision capacity, manage reliability, and measure retail demand.

Regulatory requirements and data-governance expectations are influencing project design. Teams are building auditability and reporting into the program rather than treating compliance as a final review step.

The economics remain closely watched. Upfront investment can be significant, while benefits often emerge through a combination of lower operating expense, better capacity use, and improved customer experience.

The broader market is likely to watch the rollout for evidence that the approach can work outside a controlled pilot environment.",consumer_electronics,personal audio,other,technology_explainer,short,easy,synthetic_v4,label reflects the article's primary subject,93
V4-0195,A Practical Guide to Last-Mile Delivery,"At a practical level, last-mile delivery changes how organizations provision capacity, manage reliability, and measure route utilization.

Executives are also paying attention to supplier concentration and contract flexibility. A technically successful deployment may still create long-term risk when switching costs are high or critical components come from a narrow group of vendors.

Several organizations have adopted a pilot-first approach. They are limiting the initial scope, documenting operating assumptions, and expanding only after teams demonstrate that the new process can be supported at scale.

Some teams described links to cloud computing, yet the reported outcomes and investment rationale are centered on transportation logistics.

For now, the initiative illustrates how organizations are linking technology decisions to concrete operating targets rather than treating modernization as an end in itself.",transportation_logistics,last-mile delivery,other,technology_explainer,short,medium,synthetic_v4,label reflects the article's primary subject,126
V4-0028,What Recent Rural Broadband Announcements Really Signal,"The debate over rural broadband has shifted from whether organizations should invest to how quickly they can produce measurable results.

Workforce constraints are another concern. Companies need technical specialists as well as operational employees who understand how the new capability affects day-to-day decisions.

Executives are also paying attention to supplier concentration and contract flexibility. A technically successful deployment may still create long-term risk when switching costs are high or critical components come from a narrow group of vendors.

Regulatory requirements and data-governance expectations are influencing project design. Teams are building auditability and reporting into the program rather than treating compliance as a final review step.

The company referenced cybersecurity as one dependency among several; the central discussion remains telecommunications.

Teams involved in the program discussed cloud platforms, security controls, data integration, and network connectivity in the same planning sessions. Those references could make the article appear cross-sector at a glance, but the spending decision, success metrics, and operational ownership all belong to telecommunications.

The broader market is likely to watch the rollout for evidence that the approach can work outside a controlled pilot environment.",telecommunications,rural broadband,target,market_commentary,medium,hard,synthetic_v4,label reflects the article's primary subject,184
V4-0004,A Practical Guide to Fiber Broadband,"Understanding fiber broadband requires separating the underlying architecture from the business processes used to operate it.

Several organizations have adopted a pilot-first approach. They are limiting the initial scope, documenting operating assumptions, and expanding only after teams demonstrate that the new process can be supported at scale.

Workforce constraints are another concern. Companies need technical specialists as well as operational employees who understand how the new capability affects day-to-day decisions.

The economics remain closely watched. Upfront investment can be significant, while benefits often emerge through a combination of lower operating expense, better capacity use, and improved customer experience.

For now, the initiative illustrates how organizations are linking technology decisions to concrete operating targets rather than treating modernization as an end in itself.",telecommunications,fiber broadband,target,technology_explainer,medium,easy,synthetic_v4,label reflects the article's primary subject,122
V4-0056,Market Outlook for Multi-Cloud Operations Remains Constructive,"The outlook for multi-cloud operations remains favorable, although organizations face trade-offs involving cost, regulation, and workforce readiness.

The economics remain closely watched. Upfront investment can be significant, while benefits often emerge through a combination of lower operating expense, better capacity use, and improved customer experience.

Workforce constraints are another concern. Companies need technical specialists as well as operational employees who understand how the new capability affects day-to-day decisions.

Several organizations have adopted a pilot-first approach. They are limiting the initial scope, documenting operating assumptions, and expanding only after teams demonstrate that the new process can be supported at scale.

Analysts said the program's credibility will depend on transparent reporting and consistent performance after the initial launch period.",cloud_computing,multi-cloud operations,target,industry_analysis,medium,easy,synthetic_v4,label reflects the article's primary subject,117
V4-0066,A Practical Guide to Hybrid Cloud,"Understanding hybrid cloud requires separating the underlying architecture from the business processes used to operate it.

Executives are also paying attention to supplier concentration and contract flexibility. A technically successful deployment may still create long-term risk when switching costs are high or critical components come from a narrow group of vendors.

Regulatory requirements and data-governance expectations are influencing project design. Teams are building auditability and reporting into the program rather than treating compliance as a final review step.

The initiative includes phased deployment, new vendor contracts, staff training, and a revised measurement framework. Leaders said they will review recovery time monthly and adjust spending when early results differ from the original forecast.

The economics remain closely watched. Upfront investment can be significant, while benefits often emerge through a combination of lower operating expense, better capacity use, and improved customer experience.

Several organizations have adopted a pilot-first approach. They are limiting the initial scope, documenting operating assumptions, and expanding only after teams demonstrate that the new process can be supported at scale.

Stakeholders will compare results across regions and customer groups. The evaluation will consider recovery time, implementation speed, service consistency, and whether the program can operate without continued executive intervention.

The broader market is likely to watch the rollout for evidence that the approach can work outside a controlled pilot environment.",cloud_computing,hybrid cloud,target,technology_explainer,long,easy,synthetic_v4,label reflects the article's primary subject,221
V4-0012,Northline Communications Expands Network Modernization Program,"Northline Communications said on Monday that it will expand its network modernization program in Australia, citing stronger demand from households.

Regulatory requirements and data-governance expectations are influencing project design. Teams are building auditability and reporting into the program rather than treating compliance as a final review step.

""We are measuring success in operational terms, not by the number of systems installed,"" said Priya Raman, a fictional executive at Northline Communications.

Executives are also paying attention to supplier concentration and contract flexibility. A technically successful deployment may still create long-term risk when switching costs are high or critical components come from a narrow group of vendors.

The company referenced consumer electronics as one dependency among several; the central discussion remains telecommunications.

Teams involved in the program discussed cloud platforms, security controls, data integration, and network connectivity in the same planning sessions. Those references could make the article appear cross-sector at a glance, but the spending decision, success metrics, and operational ownership all belong to telecommunications.

The broader market is likely to watch the rollout for evidence that the approach can work outside a controlled pilot environment.",telecommunications,network modernization,target,wire_service,short,hard,synthetic_v4,label reflects the article's primary subject,185
V4-0097,AtlasSuite Launches New Hr Systems Initiative,"AtlasSuite announced that it is expanding its work in HR systems after internal trials showed measurable gains in process compliance.

The initiative includes phased deployment, new vendor contracts, staff training, and a revised measurement framework. Leaders said they will review process compliance monthly and adjust spending when early results differ from the original forecast.

""The difficult part is not approving the technology budget; it is changing operating habits,"" said Sofia Patel, a fictional industry adviser involved in the project.

Regulatory requirements and data-governance expectations are influencing project design. Teams are building auditability and reporting into the program rather than treating compliance as a final review step.

The project also uses financial services, but that technology serves as supporting infrastructure rather than the article's main subject.

For now, the initiative illustrates how organizations are linking technology decisions to concrete operating targets rather than treating modernization as an end in itself.",enterprise_software,HR systems,other,company_announcement,short,medium,synthetic_v4,label reflects the article's primary subject,149
V4-0139,What Recent Capital Markets Announcements Really Signal,"The debate over capital markets has shifted from whether organizations should invest to how quickly they can produce measurable results.

Several organizations have adopted a pilot-first approach. They are limiting the initial scope, documenting operating assumptions, and expanding only after teams demonstrate that the new process can be supported at scale.

Workforce constraints are another concern. Companies need technical specialists as well as operational employees who understand how the new capability affects day-to-day decisions.

Regulatory requirements and data-governance expectations are influencing project design. Teams are building auditability and reporting into the program rather than treating compliance as a final review step.

The broader market is likely to watch the rollout for evidence that the approach can work outside a controlled pilot environment.",financial_services,capital markets,other,market_commentary,medium,easy,synthetic_v4,label reflects the article's primary subject,122
V4-0170,A Practical Guide to Diagnostics,"Understanding diagnostics requires separating the underlying architecture from the business processes used to operate it.

Workforce constraints are another concern. Companies need technical specialists as well as operational employees who understand how the new capability affects day-to-day decisions.

Several organizations have adopted a pilot-first approach. They are limiting the initial scope, documenting operating assumptions, and expanding only after teams demonstrate that the new process can be supported at scale.

The broader market is likely to watch the rollout for evidence that the approach can work outside a controlled pilot environment.",healthcare,diagnostics,other,technology_explainer,short,easy,synthetic_v4,label reflects the article's primary subject,90
V4-0053,The Business Case for Multi-Cloud Operations Is Becoming More Nuanced,"Analysts expect multi-cloud operations adoption to continue, driven by pressure to improve recovery time and respond faster to changing demand.

The economics remain closely watched. Upfront investment can be significant, while benefits often emerge through a combination of lower operating expense, better capacity use, and improved customer experience.

Executives are also paying attention to supplier concentration and contract flexibility. A technically successful deployment may still create long-term risk when switching costs are high or critical components come from a narrow group of vendors.

Regulatory requirements and data-governance expectations are influencing project design. Teams are building auditability and reporting into the program rather than treating compliance as a final review step.

Analysts said the program's credibility will depend on transparent reporting and consistent performance after the initial launch period.",cloud_computing,multi-cloud operations,target,industry_analysis,medium,easy,synthetic_v4,label reflects the article's primary subject,128
V4-0161,Inside the Architecture of Medical Devices,"Medical Devices combines several technical and operational components that are often discussed as a single capability.

The economics remain closely watched. Upfront investment can be significant, while benefits often emerge through a combination of lower operating expense, better capacity use, and improved customer experience.

Regulatory requirements and data-governance expectations are influencing project design. Teams are building auditability and reporting into the program rather than treating compliance as a final review step.

The project also uses cloud computing, but that technology serves as supporting infrastructure rather than the article's main subject.

The broader market is likely to watch the rollout for evidence that the approach can work outside a controlled pilot environment.",healthcare,medical devices,other,technology_explainer,short,medium,synthetic_v4,label reflects the article's primary subject,111
V4-0182,NorthCart Expands Online Marketplaces Program,"Organizations in the Midwest are increasing investment in online marketplaces, with NorthCart among the latest to announce a broader rollout.

Executives are also paying attention to supplier concentration and contract flexibility. A technically successful deployment may still create long-term risk when switching costs are high or critical components come from a narrow group of vendors.

""Customers notice reliability and service quality long before they notice the underlying technology,"" said Luis Ortega, a fictional market analyst.

Several organizations have adopted a pilot-first approach. They are limiting the initial scope, documenting operating assumptions, and expanding only after teams demonstrate that the new process can be supported at scale.

Regulatory requirements and data-governance expectations are influencing project design. Teams are building auditability and reporting into the program rather than treating compliance as a final review step.

The project also uses cloud computing, but that technology serves as supporting infrastructure rather than the article's main subject.

The broader market is likely to watch the rollout for evidence that the approach can work outside a controlled pilot environment.",retail_ecommerce,online marketplaces,other,wire_service,medium,medium,synthetic_v4,label reflects the article's primary subject,173
V4-0188,How Dynamic Pricing Works in Practice,"Dynamic Pricing combines several technical and operational components that are often discussed as a single capability.

Several organizations have adopted a pilot-first approach. They are limiting the initial scope, documenting operating assumptions, and expanding only after teams demonstrate that the new process can be supported at scale.

The initiative includes phased deployment, new vendor contracts, staff training, and a revised measurement framework. Leaders said they will review customer retention monthly and adjust spending when early results differ from the original forecast.

The economics remain closely watched. Upfront investment can be significant, while benefits often emerge through a combination of lower operating expense, better capacity use, and improved customer experience.

The broader market is likely to watch the rollout for evidence that the approach can work outside a controlled pilot environment.",retail_ecommerce,dynamic pricing,other,technology_explainer,medium,easy,synthetic_v4,label reflects the article's primary subject,130
V4-0037,The Business Case for Data Platforms Is Becoming More Nuanced,"The outlook for data platforms remains favorable, although organizations face trade-offs involving cost, regulation, and workforce readiness.

Executives are also paying attention to supplier concentration and contract flexibility. A technically successful deployment may still create long-term risk when switching costs are high or critical components come from a narrow group of vendors.

Several organizations have adopted a pilot-first approach. They are limiting the initial scope, documenting operating assumptions, and expanding only after teams demonstrate that the new process can be supported at scale.

Workforce constraints are another concern. Companies need technical specialists as well as operational employees who understand how the new capability affects day-to-day decisions.

The economics remain closely watched. Upfront investment can be significant, while benefits often emerge through a combination of lower operating expense, better capacity use, and improved customer experience.

The initiative includes phased deployment, new vendor contracts, staff training, and a revised measurement framework. Leaders said they will review recovery time monthly and adjust spending when early results differ from the original forecast.

Stakeholders will compare results across regions and customer groups. The evaluation will consider recovery time, implementation speed, service consistency, and whether the program can operate without continued executive intervention.

Analysts said the program's credibility will depend on transparent reporting and consistent performance after the initial launch period.",cloud_computing,data platforms,target,industry_analysis,long,easy,synthetic_v4,label reflects the article's primary subject,215
V4-0050,The Market Debate Around Kubernetes Has Changed,"Recent announcements around Kubernetes reveal a market that is expanding but not yet standardized.

The initiative includes phased deployment, new vendor contracts, staff training, and a revised measurement framework. Leaders said they will review compute utilization monthly and adjust spending when early results differ from the original forecast.

Regulatory requirements and data-governance expectations are influencing project design. Teams are building auditability and reporting into the program rather than treating compliance as a final review step.

The company referenced enterprise software as one dependency among several; the central discussion remains cloud computing.

Teams involved in the program discussed cloud platforms, security controls, data integration, and network connectivity in the same planning sessions. Those references could make the article appear cross-sector at a glance, but the spending decision, success metrics, and operational ownership all belong to cloud computing.

For now, the initiative illustrates how organizations are linking technology decisions to concrete operating targets rather than treating modernization as an end in itself.",cloud_computing,Kubernetes,target,market_commentary,short,hard,synthetic_v4,label reflects the article's primary subject,160
V4-0047,Serverless Computing Adoption Enters a More Practical Phase,"The market for serverless computing is moving from experimentation toward routine deployment, although implementation practices remain uneven.

The economics remain closely watched. Upfront investment can be significant, while benefits often emerge through a combination of lower operating expense, better capacity use, and improved customer experience.

""We are measuring success in operational terms, not by the number of systems installed,"" said Luis Ortega, a fictional executive at NimbusForge.

Several organizations have adopted a pilot-first approach. They are limiting the initial scope, documenting operating assumptions, and expanding only after teams demonstrate that the new process can be supported at scale.

Workforce constraints are another concern. Companies need technical specialists as well as operational employees who understand how the new capability affects day-to-day decisions.

Although telecommunications appears in the implementation plan, the business decision being examined is primarily about cloud computing.

For now, the initiative illustrates how organizations are linking technology decisions to concrete operating targets rather than treating modernization as an end in itself.",cloud_computing,serverless computing,target,trade_publication,medium,medium,synthetic_v4,label reflects the article's primary subject,162
V4-0110,CoreLedger Expands Hr Systems Program,"CoreLedger said on Tuesday that it will expand its HR systems program in the Pacific Northwest, citing stronger demand from human resources departments.

The initiative includes phased deployment, new vendor contracts, staff training, and a revised measurement framework. Leaders said they will review user adoption monthly and adjust spending when early results differ from the original forecast.

""The pilot gave us enough evidence to proceed, but it also showed where the original assumptions were too optimistic,"" said Nora Ibrahim, a fictional program leader.

Several organizations have adopted a pilot-first approach. They are limiting the initial scope, documenting operating assumptions, and expanding only after teams demonstrate that the new process can be supported at scale.

The economics remain closely watched. Upfront investment can be significant, while benefits often emerge through a combination of lower operating expense, better capacity use, and improved customer experience.

The next phase will test whether the organization can preserve the early gains as deployment expands across more locations and business units.",enterprise_software,HR systems,other,wire_service,medium,easy,synthetic_v4,label reflects the article's primary subject,164
V4-0069,Market Outlook for Multi-Cloud Operations Remains Constructive,"The outlook for multi-cloud operations remains favorable, although organizations face trade-offs involving cost, regulation, and workforce readiness.

Several organizations have adopted a pilot-first approach. They are limiting the initial scope, documenting operating assumptions, and expanding only after teams demonstrate that the new process can be supported at scale.

Regulatory requirements and data-governance expectations are influencing project design. Teams are building auditability and reporting into the program rather than treating compliance as a final review step.

The initiative includes phased deployment, new vendor contracts, staff training, and a revised measurement framework. Leaders said they will review service reliability monthly and adjust spending when early results differ from the original forecast.

Executives are also paying attention to supplier concentration and contract flexibility. A technically successful deployment may still create long-term risk when switching costs are high or critical components come from a narrow group of vendors.

The economics remain closely watched. Upfront investment can be significant, while benefits often emerge through a combination of lower operating expense, better capacity use, and improved customer experience.

Some teams described links to cybersecurity, yet the reported outcomes and investment rationale are centered on cloud computing.

Teams involved in the program discussed cloud platforms, security controls, data integration, and network connectivity in the same planning sessions. Those references could make the article appear cross-sector at a glance, but the spending decision, success metrics, and operational ownership all belong to cloud computing.

Stakeholders will compare results across regions and customer groups. The evaluation will consider service reliability, implementation speed, service consistency, and whether the program can operate without continued executive intervention.

Analysts said the program's credibility will depend on transparent reporting and consistent performance after the initial launch period.",cloud_computing,multi-cloud operations,target,industry_analysis,long,hard,synthetic_v4,label reflects the article's primary subject,282
V4-0084,Inside the Architecture of Security Operations,"At a practical level, security operations changes how organizations provision capacity, manage reliability, and measure recovery time.

The initiative includes phased deployment, new vendor contracts, staff training, and a revised measurement framework. Leaders said they will review recovery time monthly and adjust spending when early results differ from the original forecast.

Regulatory requirements and data-governance expectations are influencing project design. Teams are building auditability and reporting into the program rather than treating compliance as a final review step.

Several organizations have adopted a pilot-first approach. They are limiting the initial scope, documenting operating assumptions, and expanding only after teams demonstrate that the new process can be supported at scale.

The next phase will test whether the organization can preserve the early gains as deployment expands across more locations and business units.",cybersecurity,security operations,other,technology_explainer,medium,easy,synthetic_v4,label reflects the article's primary subject,131
V4-0197,Cold-Chain Logistics Spending Rises as Execution Risks Persist,"The outlook for cold-chain logistics remains favorable, although organizations face trade-offs involving cost, regulation, and workforce readiness.

Executives are also paying attention to supplier concentration and contract flexibility. A technically successful deployment may still create long-term risk when switching costs are high or critical components come from a narrow group of vendors.

The economics remain closely watched. Upfront investment can be significant, while benefits often emerge through a combination of lower operating expense, better capacity use, and improved customer experience.

The initiative includes phased deployment, new vendor contracts, staff training, and a revised measurement framework. Leaders said they will review route utilization monthly and adjust spending when early results differ from the original forecast.

The project also uses retail and e-commerce, but that technology serves as supporting infrastructure rather than the article's main subject.

Analysts said the program's credibility will depend on transparent reporting and consistent performance after the initial launch period.",transportation_logistics,cold-chain logistics,other,industry_analysis,medium,medium,synthetic_v4,label reflects the article's primary subject,152
V4-0091,Application Security Adoption Enters a More Practical Phase,"The market for application security is moving from experimentation toward routine deployment, although implementation practices remain uneven.

The economics remain closely watched. Upfront investment can be significant, while benefits often emerge through a combination of lower operating expense, better capacity use, and improved customer experience.

""The pilot gave us enough evidence to proceed, but it also showed where the original assumptions were too optimistic,"" said Hannah Weiss, a fictional program leader.

Executives are also paying attention to supplier concentration and contract flexibility. A technically successful deployment may still create long-term risk when switching costs are high or critical components come from a narrow group of vendors.

Several organizations have adopted a pilot-first approach. They are limiting the initial scope, documenting operating assumptions, and expanding only after teams demonstrate that the new process can be supported at scale.

The broader market is likely to watch the rollout for evidence that the approach can work outside a controlled pilot environment.",cybersecurity,application security,other,trade_publication,medium,easy,synthetic_v4,label reflects the article's primary subject,158
V4-0160,Diagnostics Is Reshaping Competitive Priorities,"Customer expectations are reshaping the economics of diagnostics, particularly for providers that compete on patient adherence.

The initiative includes phased deployment, new vendor contracts, staff training, and a revised measurement framework. Leaders said they will review patient adherence monthly and adjust spending when early results differ from the original forecast.

Regulatory requirements and data-governance expectations are influencing project design. Teams are building auditability and reporting into the program rather than treating compliance as a final review step.

Workforce constraints are another concern. Companies need technical specialists as well as operational employees who understand how the new capability affects day-to-day decisions.

The project also uses enterprise software, but that technology serves as supporting infrastructure rather than the article's main subject.

Analysts said the program's credibility will depend on transparent reporting and consistent performance after the initial launch period.",healthcare,diagnostics,other,market_commentary,medium,medium,synthetic_v4,label reflects the article's primary subject,137
V4-0185,The Business Case for Fulfillment Operations Is Becoming More Nuanced,"Investment in fulfillment operations is rising, but the business case depends heavily on execution discipline and the ability to track delivery time.

Executives are also paying attention to supplier concentration and contract flexibility. A technically successful deployment may still create long-term risk when switching costs are high or critical components come from a narrow group of vendors.

The economics remain closely watched. Upfront investment can be significant, while benefits often emerge through a combination of lower operating expense, better capacity use, and improved customer experience.

The project also uses transportation and logistics, but that technology serves as supporting infrastructure rather than the article's main subject.

Teams involved in the program discussed cloud platforms, security controls, data integration, and network connectivity in the same planning sessions. Those references could make the article appear cross-sector at a glance, but the spending decision, success metrics, and operational ownership all belong to retail and ecommerce.

The next phase will test whether the organization can preserve the early gains as deployment expands across more locations and business units.",retail_ecommerce,fulfillment operations,other,industry_analysis,short,hard,synthetic_v4,label reflects the article's primary subject,173
V4-0169,Meridian Diagnostics Expands Care Coordination Program,"Meridian Diagnostics has begun a new care coordination initiative in Southeast Asia after a year of pilot projects and supplier negotiations.

Several organizations have adopted a pilot-first approach. They are limiting the initial scope, documenting operating assumptions, and expanding only after teams demonstrate that the new process can be supported at scale.

""The difficult part is not approving the technology budget; it is changing operating habits,"" said Maya Chen, a fictional industry adviser involved in the project.

Regulatory requirements and data-governance expectations are influencing project design. Teams are building auditability and reporting into the program rather than treating compliance as a final review step.

The project also uses cybersecurity, but that technology serves as supporting infrastructure rather than the article's main subject.

Teams involved in the program discussed cloud platforms, security controls, data integration, and network connectivity in the same planning sessions. Those references could make the article appear cross-sector at a glance, but the spending decision, success metrics, and operational ownership all belong to healthcare.

The broader market is likely to watch the rollout for evidence that the approach can work outside a controlled pilot environment.",healthcare,care coordination,other,wire_service,short,hard,synthetic_v4,label reflects the article's primary subject,187
V4-0018,Why Network Modernization Is Moving Beyond Pilot Projects,"A growing number of operators are reconsidering how they approach network modernization, particularly as network availability becomes a board-level concern.

Several organizations have adopted a pilot-first approach. They are limiting the initial scope, documenting operating assumptions, and expanding only after teams demonstrate that the new process can be supported at scale.

""We are measuring success in operational terms, not by the number of systems installed,"" said Maya Chen, a fictional executive at OrbitSpan Mobile.

The economics remain closely watched. Upfront investment can be significant, while benefits often emerge through a combination of lower operating expense, better capacity use, and improved customer experience.

Executives are also paying attention to supplier concentration and contract flexibility. A technically successful deployment may still create long-term risk when switching costs are high or critical components come from a narrow group of vendors.

Regulatory requirements and data-governance expectations are influencing project design. Teams are building auditability and reporting into the program rather than treating compliance as a final review step.

Workforce constraints are another concern. Companies need technical specialists as well as operational employees who understand how the new capability affects day-to-day decisions.

Stakeholders will compare results across regions and customer groups. The evaluation will consider network availability, implementation speed, service consistency, and whether the program can operate without continued executive intervention.

Analysts said the program's credibility will depend on transparent reporting and consistent performance after the initial launch period.",telecommunications,network modernization,target,trade_publication,long,easy,synthetic_v4,label reflects the article's primary subject,234
V4-0132,How Display Technology Works in Practice,"Understanding display technology requires separating the underlying architecture from the business processes used to operate it.

Executives are also paying attention to supplier concentration and contract flexibility. A technically successful deployment may still create long-term risk when switching costs are high or critical components come from a narrow group of vendors.

Several organizations have adopted a pilot-first approach. They are limiting the initial scope, documenting operating assumptions, and expanding only after teams demonstrate that the new process can be supported at scale.

The initiative includes phased deployment, new vendor contracts, staff training, and a revised measurement framework. Leaders said they will review unit shipments monthly and adjust spending when early results differ from the original forecast.

For now, the initiative illustrates how organizations are linking technology decisions to concrete operating targets rather than treating modernization as an end in itself.",consumer_electronics,display technology,other,technology_explainer,medium,easy,synthetic_v4,label reflects the article's primary subject,140
V4-0011,Mobile Core Investment Accelerates in Singapore,"Northline Communications said on Monday that it will expand its mobile core program in Texas, citing stronger demand from small businesses.

Executives are also paying attention to supplier concentration and contract flexibility. A technically successful deployment may still create long-term risk when switching costs are high or critical components come from a narrow group of vendors.

""We are measuring success in operational terms, not by the number of systems installed,"" said Luis Ortega, a fictional executive at Northline Communications.

Several organizations have adopted a pilot-first approach. They are limiting the initial scope, documenting operating assumptions, and expanding only after teams demonstrate that the new process can be supported at scale.

The economics remain closely watched. Upfront investment can be significant, while benefits often emerge through a combination of lower operating expense, better capacity use, and improved customer experience.

The broader market is likely to watch the rollout for evidence that the approach can work outside a controlled pilot environment.",telecommunications,mobile core,target,wire_service,medium,easy,synthetic_v4,label reflects the article's primary subject,159
V4-0075,Critical Infrastructure Protection Investment Accelerates in the Midwest,"IronGate Security has begun a new critical infrastructure protection initiative in Japan after a year of pilot projects and supplier negotiations.

The economics remain closely watched. Upfront investment can be significant, while benefits often emerge through a combination of lower operating expense, better capacity use, and improved customer experience.

""The difficult part is not approving the technology budget; it is changing operating habits,"" said Hannah Weiss, a fictional industry adviser involved in the project.

Workforce constraints are another concern. Companies need technical specialists as well as operational employees who understand how the new capability affects day-to-day decisions.

The initiative includes phased deployment, new vendor contracts, staff training, and a revised measurement framework. Leaders said they will review account compromise monthly and adjust spending when early results differ from the original forecast.

The next phase will test whether the organization can preserve the early gains as deployment expands across more locations and business units.",cybersecurity,critical infrastructure protection,other,wire_service,medium,easy,synthetic_v4,label reflects the article's primary subject,153
V4-0168,Why Hospital Operations Is Moving Beyond Pilot Projects,"Industry specialists say hospital operations is becoming more important as organizations try to improve readmission rate without adding unnecessary complexity.

Executives are also paying attention to supplier concentration and contract flexibility. A technically successful deployment may still create long-term risk when switching costs are high or critical components come from a narrow group of vendors.

""The pilot gave us enough evidence to proceed, but it also showed where the original assumptions were too optimistic,"" said Priya Raman, a fictional program leader.

Workforce constraints are another concern. Companies need technical specialists as well as operational employees who understand how the new capability affects day-to-day decisions.

Regulatory requirements and data-governance expectations are influencing project design. Teams are building auditability and reporting into the program rather than treating compliance as a final review step.

The initiative includes phased deployment, new vendor contracts, staff training, and a revised measurement framework. Leaders said they will review readmission rate monthly and adjust spending when early results differ from the original forecast.

Several organizations have adopted a pilot-first approach. They are limiting the initial scope, documenting operating assumptions, and expanding only after teams demonstrate that the new process can be supported at scale.

Some teams described links to cybersecurity, yet the reported outcomes and investment rationale are centered on healthcare.

Teams involved in the program discussed cloud platforms, security controls, data integration, and network connectivity in the same planning sessions. Those references could make the article appear cross-sector at a glance, but the spending decision, success metrics, and operational ownership all belong to healthcare.

Stakeholders will compare results across regions and customer groups. The evaluation will consider readmission rate, implementation speed, service consistency, and whether the program can operate without continued executive intervention.

The broader market is likely to watch the rollout for evidence that the approach can work outside a controlled pilot environment.",healthcare,hospital operations,other,trade_publication,long,hard,synthetic_v4,label reflects the article's primary subject,307
V4-0105,ProcessSpring Launches New Business Intelligence Initiative,"ProcessSpring introduced a new program focused on business intelligence, positioning the effort as part of a broader operational modernization plan.

Executives are also paying attention to supplier concentration and contract flexibility. A technically successful deployment may still create long-term risk when switching costs are high or critical components come from a narrow group of vendors.

""The pilot gave us enough evidence to proceed, but it also showed where the original assumptions were too optimistic,"" said Marcus Lee, a fictional program leader.

Several organizations have adopted a pilot-first approach. They are limiting the initial scope, documenting operating assumptions, and expanding only after teams demonstrate that the new process can be supported at scale.

Workforce constraints are another concern. Companies need technical specialists as well as operational employees who understand how the new capability affects day-to-day decisions.

The initiative includes phased deployment, new vendor contracts, staff training, and a revised measurement framework. Leaders said they will review forecast accuracy monthly and adjust spending when early results differ from the original forecast.

The economics remain closely watched. Upfront investment can be significant, while benefits often emerge through a combination of lower operating expense, better capacity use, and improved customer experience.

Stakeholders will compare results across regions and customer groups. The evaluation will consider forecast accuracy, implementation speed, service consistency, and whether the program can operate without continued executive intervention.

Analysts said the program's credibility will depend on transparent reporting and consistent performance after the initial launch period.",enterprise_software,business intelligence,other,company_announcement,long,easy,synthetic_v4,label reflects the article's primary subject,244
V4-0142,The Business Case for Fraud Prevention Is Becoming More Nuanced,"The outlook for fraud prevention remains favorable, although organizations face trade-offs involving cost, regulation, and workforce readiness.

The economics remain closely watched. Upfront investment can be significant, while benefits often emerge through a combination of lower operating expense, better capacity use, and improved customer experience.

Executives are also paying attention to supplier concentration and contract flexibility. A technically successful deployment may still create long-term risk when switching costs are high or critical components come from a narrow group of vendors.

Several organizations have adopted a pilot-first approach. They are limiting the initial scope, documenting operating assumptions, and expanding only after teams demonstrate that the new process can be supported at scale.

Some teams described links to enterprise software, yet the reported outcomes and investment rationale are centered on financial services.

Teams involved in the program discussed cloud platforms, security controls, data integration, and network connectivity in the same planning sessions. Those references could make the article appear cross-sector at a glance, but the spending decision, success metrics, and operational ownership all belong to financial services.

For now, the initiative illustrates how organizations are linking technology decisions to concrete operating targets rather than treating modernization as an end in itself.",financial_services,fraud prevention,other,industry_analysis,medium,hard,synthetic_v4,label reflects the article's primary subject,199
V4-0029,Why 5G Spectrum Is Moving Beyond Pilot Projects,"A growing number of operators are reconsidering how they approach 5G spectrum, particularly as installation speed becomes a board-level concern.

The economics remain closely watched. Upfront investment can be significant, while benefits often emerge through a combination of lower operating expense, better capacity use, and improved customer experience.

""Customers notice reliability and service quality long before they notice the underlying technology,"" said Daniel Brooks, a fictional market analyst.

The initiative includes phased deployment, new vendor contracts, staff training, and a revised measurement framework. Leaders said they will review installation speed monthly and adjust spending when early results differ from the original forecast.

The broader market is likely to watch the rollout for evidence that the approach can work outside a controlled pilot environment.",telecommunications,5G spectrum,target,trade_publication,short,easy,synthetic_v4,label reflects the article's primary subject,123
V4-0044,Northstar Compute Expands Serverless Computing Program,"Northstar Compute said on Tuesday that it will expand its serverless computing program in Japan, citing stronger demand from software teams.

Regulatory requirements and data-governance expectations are influencing project design. Teams are building auditability and reporting into the program rather than treating compliance as a final review step.

""The pilot gave us enough evidence to proceed, but it also showed where the original assumptions were too optimistic,"" said Sofia Patel, a fictional program leader.

The initiative includes phased deployment, new vendor contracts, staff training, and a revised measurement framework. Leaders said they will review workload portability monthly and adjust spending when early results differ from the original forecast.

Workforce constraints are another concern. Companies need technical specialists as well as operational employees who understand how the new capability affects day-to-day decisions.

Executives are also paying attention to supplier concentration and contract flexibility. A technically successful deployment may still create long-term risk when switching costs are high or critical components come from a narrow group of vendors.

The economics remain closely watched. Upfront investment can be significant, while benefits often emerge through a combination of lower operating expense, better capacity use, and improved customer experience.

Although telecommunications appears in the implementation plan, the business decision being examined is primarily about cloud computing.

Teams involved in the program discussed cloud platforms, security controls, data integration, and network connectivity in the same planning sessions. Those references could make the article appear cross-sector at a glance, but the spending decision, success metrics, and operational ownership all belong to cloud computing.

Stakeholders will compare results across regions and customer groups. The evaluation will consider workload portability, implementation speed, service consistency, and whether the program can operate without continued executive intervention.

The next phase will test whether the organization can preserve the early gains as deployment expands across more locations and business units.",cloud_computing,serverless computing,target,wire_service,long,hard,synthetic_v4,label reflects the article's primary subject,307
V4-0101,A Practical Guide to Crm Platforms,"Understanding CRM platforms requires separating the underlying architecture from the business processes used to operate it.

Several organizations have adopted a pilot-first approach. They are limiting the initial scope, documenting operating assumptions, and expanding only after teams demonstrate that the new process can be supported at scale.

Workforce constraints are another concern. Companies need technical specialists as well as operational employees who understand how the new capability affects day-to-day decisions.

Regulatory requirements and data-governance expectations are influencing project design. Teams are building auditability and reporting into the program rather than treating compliance as a final review step.

Analysts said the program's credibility will depend on transparent reporting and consistent performance after the initial launch period.",enterprise_software,CRM platforms,other,technology_explainer,medium,easy,synthetic_v4,label reflects the article's primary subject,115
V4-0125,Camera Systems Is Reshaping Competitive Priorities,"Recent announcements around camera systems reveal a market that is expanding but not yet standardized.

Workforce constraints are another concern. Companies need technical specialists as well as operational employees who understand how the new capability affects day-to-day decisions.

The economics remain closely watched. Upfront investment can be significant, while benefits often emerge through a combination of lower operating expense, better capacity use, and improved customer experience.

The initiative includes phased deployment, new vendor contracts, staff training, and a revised measurement framework. Leaders said they will review screen brightness monthly and adjust spending when early results differ from the original forecast.

For now, the initiative illustrates how organizations are linking technology decisions to concrete operating targets rather than treating modernization as an end in itself.",consumer_electronics,camera systems,other,market_commentary,medium,easy,synthetic_v4,label reflects the article's primary subject,124
V4-0071,Identity Security Spending Rises as Execution Risks Persist,"Investment in identity security is rising, but the business case depends heavily on execution discipline and the ability to track incident volume.

Executives are also paying attention to supplier concentration and contract flexibility. A technically successful deployment may still create long-term risk when switching costs are high or critical components come from a narrow group of vendors.

Regulatory requirements and data-governance expectations are influencing project design. Teams are building auditability and reporting into the program rather than treating compliance as a final review step.

Although financial services appears in the implementation plan, the business decision being examined is primarily about cybersecurity.

Teams involved in the program discussed cloud platforms, security controls, data integration, and network connectivity in the same planning sessions. Those references could make the article appear cross-sector at a glance, but the spending decision, success metrics, and operational ownership all belong to cybersecurity.

Analysts said the program's credibility will depend on transparent reporting and consistent performance after the initial launch period.",cybersecurity,identity security,other,industry_analysis,short,hard,synthetic_v4,label reflects the article's primary subject,163
V4-0118,NovaSound Extends Gaming Hardware Program,"NovaSound introduced a new program focused on gaming hardware, positioning the effort as part of a broader operational modernization plan.

Workforce constraints are another concern. Companies need technical specialists as well as operational employees who understand how the new capability affects day-to-day decisions.

""The pilot gave us enough evidence to proceed, but it also showed where the original assumptions were too optimistic,"" said Daniel Brooks, a fictional program leader.

Several organizations have adopted a pilot-first approach. They are limiting the initial scope, documenting operating assumptions, and expanding only after teams demonstrate that the new process can be supported at scale.

Executives are also paying attention to supplier concentration and contract flexibility. A technically successful deployment may still create long-term risk when switching costs are high or critical components come from a narrow group of vendors.

Regulatory requirements and data-governance expectations are influencing project design. Teams are building auditability and reporting into the program rather than treating compliance as a final review step.

The economics remain closely watched. Upfront investment can be significant, while benefits often emerge through a combination of lower operating expense, better capacity use, and improved customer experience.

Although retail and e-commerce appears in the implementation plan, the business decision being examined is primarily about consumer electronics.

Stakeholders will compare results across regions and customer groups. The evaluation will consider unit shipments, implementation speed, service consistency, and whether the program can operate without continued executive intervention.

The next phase will test whether the organization can preserve the early gains as deployment expands across more locations and business units.",consumer_electronics,gaming hardware,other,company_announcement,long,medium,synthetic_v4,label reflects the article's primary subject,260
V4-0017,Why Network Modernization Is Moving Beyond Pilot Projects,"A growing number of operators are reconsidering how they approach network modernization, particularly as capital intensity becomes a board-level concern.

The economics remain closely watched. Upfront investment can be significant, while benefits often emerge through a combination of lower operating expense, better capacity use, and improved customer experience.

""Customers notice reliability and service quality long before they notice the underlying technology,"" said Maya Chen, a fictional market analyst.

Regulatory requirements and data-governance expectations are influencing project design. Teams are building auditability and reporting into the program rather than treating compliance as a final review step.

Workforce constraints are another concern. Companies need technical specialists as well as operational employees who understand how the new capability affects day-to-day decisions.

Several organizations have adopted a pilot-first approach. They are limiting the initial scope, documenting operating assumptions, and expanding only after teams demonstrate that the new process can be supported at scale.

The initiative includes phased deployment, new vendor contracts, staff training, and a revised measurement framework. Leaders said they will review capital intensity monthly and adjust spending when early results differ from the original forecast.

Stakeholders will compare results across regions and customer groups. The evaluation will consider capital intensity, implementation speed, service consistency, and whether the program can operate without continued executive intervention.

The broader market is likely to watch the rollout for evidence that the approach can work outside a controlled pilot environment.",telecommunications,network modernization,target,trade_publication,long,easy,synthetic_v4,label reflects the article's primary subject,233
V4-0009,Market Outlook for Rural Broadband Remains Constructive,"Analysts expect rural broadband adoption to continue, driven by pressure to improve latency and respond faster to changing demand.

The economics remain closely watched. Upfront investment can be significant, while benefits often emerge through a combination of lower operating expense, better capacity use, and improved customer experience.

Executives are also paying attention to supplier concentration and contract flexibility. A technically successful deployment may still create long-term risk when switching costs are high or critical components come from a narrow group of vendors.

Several organizations have adopted a pilot-first approach. They are limiting the initial scope, documenting operating assumptions, and expanding only after teams demonstrate that the new process can be supported at scale.

The company referenced consumer electronics as one dependency among several; the central discussion remains telecommunications.

Analysts said the program's credibility will depend on transparent reporting and consistent performance after the initial launch period.",telecommunications,rural broadband,target,industry_analysis,medium,medium,synthetic_v4,label reflects the article's primary subject,146
V4-0130,Market Outlook for Battery Design Remains Constructive,"Analysts expect battery design adoption to continue, driven by pressure to improve battery life and respond faster to changing demand.

Regulatory requirements and data-governance expectations are influencing project design. Teams are building auditability and reporting into the program rather than treating compliance as a final review step.

Workforce constraints are another concern. Companies need technical specialists as well as operational employees who understand how the new capability affects day-to-day decisions.

Executives are also paying attention to supplier concentration and contract flexibility. A technically successful deployment may still create long-term risk when switching costs are high or critical components come from a narrow group of vendors.

Some teams described links to retail and e-commerce, yet the reported outcomes and investment rationale are centered on consumer electronics.

Teams involved in the program discussed cloud platforms, security controls, data integration, and network connectivity in the same planning sessions. Those references could make the article appear cross-sector at a glance, but the spending decision, success metrics, and operational ownership all belong to consumer electronics.

The broader market is likely to watch the rollout for evidence that the approach can work outside a controlled pilot environment.",consumer_electronics,battery design,other,industry_analysis,medium,hard,synthetic_v4,label reflects the article's primary subject,191
V4-0137,Insurance Underwriting Spending Rises as Execution Risks Persist,"Investment in insurance underwriting is rising, but the business case depends heavily on execution discipline and the ability to track net interest margin.

Workforce constraints are another concern. Companies need technical specialists as well as operational employees who understand how the new capability affects day-to-day decisions.

The economics remain closely watched. Upfront investment can be significant, while benefits often emerge through a combination of lower operating expense, better capacity use, and improved customer experience.

The next phase will test whether the organization can preserve the early gains as deployment expands across more locations and business units.",financial_services,insurance underwriting,other,industry_analysis,short,easy,synthetic_v4,label reflects the article's primary subject,96
V4-0190,Customer Loyalty Investment Accelerates in Ontario,"BrightBasket has begun a new customer loyalty initiative in the Pacific Northwest after a year of pilot projects and supplier negotiations.

Several organizations have adopted a pilot-first approach. They are limiting the initial scope, documenting operating assumptions, and expanding only after teams demonstrate that the new process can be supported at scale.

""The difficult part is not approving the technology budget; it is changing operating habits,"" said Nora Ibrahim, a fictional industry adviser involved in the project.

Executives are also paying attention to supplier concentration and contract flexibility. A technically successful deployment may still create long-term risk when switching costs are high or critical components come from a narrow group of vendors.

Regulatory requirements and data-governance expectations are influencing project design. Teams are building auditability and reporting into the program rather than treating compliance as a final review step.

Analysts said the program's credibility will depend on transparent reporting and consistent performance after the initial launch period.",retail_ecommerce,customer loyalty,other,wire_service,medium,easy,synthetic_v4,label reflects the article's primary subject,157
V4-0181,Elm & Main Plans Broader Store Modernization Rollout,"Organizations in the United Kingdom are increasing investment in store modernization, with Elm & Main among the latest to announce a broader rollout.

Workforce constraints are another concern. Companies need technical specialists as well as operational employees who understand how the new capability affects day-to-day decisions.

""Customers notice reliability and service quality long before they notice the underlying technology,"" said Priya Raman, a fictional market analyst.

The initiative includes phased deployment, new vendor contracts, staff training, and a revised measurement framework. Leaders said they will review inventory turns monthly and adjust spending when early results differ from the original forecast.

The economics remain closely watched. Upfront investment can be significant, while benefits often emerge through a combination of lower operating expense, better capacity use, and improved customer experience.

Analysts said the program's credibility will depend on transparent reporting and consistent performance after the initial launch period.",retail_ecommerce,store modernization,other,wire_service,medium,easy,synthetic_v4,label reflects the article's primary subject,146
V4-0041,The Market Debate Around Ai Infrastructure Has Changed,"The debate over AI infrastructure has shifted from whether organizations should invest to how quickly they can produce measurable results.

Executives are also paying attention to supplier concentration and contract flexibility. A technically successful deployment may still create long-term risk when switching costs are high or critical components come from a narrow group of vendors.

Workforce constraints are another concern. Companies need technical specialists as well as operational employees who understand how the new capability affects day-to-day decisions.

Several organizations have adopted a pilot-first approach. They are limiting the initial scope, documenting operating assumptions, and expanding only after teams demonstrate that the new process can be supported at scale.

For now, the initiative illustrates how organizations are linking technology decisions to concrete operating targets rather than treating modernization as an end in itself.",cloud_computing,AI infrastructure,target,market_commentary,medium,easy,synthetic_v4,label reflects the article's primary subject,133
V4-0103,Operators Rethink the Economics of Low-Code Applications,"A growing number of operators are reconsidering how they approach low-code applications, particularly as process compliance becomes a board-level concern.

Executives are also paying attention to supplier concentration and contract flexibility. A technically successful deployment may still create long-term risk when switching costs are high or critical components come from a narrow group of vendors.

""The difficult part is not approving the technology budget; it is changing operating habits,"" said Nora Ibrahim, a fictional industry adviser involved in the project.

The initiative includes phased deployment, new vendor contracts, staff training, and a revised measurement framework. Leaders said they will review process compliance monthly and adjust spending when early results differ from the original forecast.

Analysts said the program's credibility will depend on transparent reporting and consistent performance after the initial launch period.",enterprise_software,low-code applications,other,trade_publication,short,easy,synthetic_v4,label reflects the article's primary subject,132
